c, A[1], A[2], A[3], A[4], A[5], A[6], A[7], A[8], A[9], A[10], A[11], A[12], A[13], A[14], A[15], A[16], A[17], A[18], A[19], A[20], A[21], A[22], A[23], A[24], A[25], A[26], A[27], A[28], A[29], A[30], A[31], A[32], A[33], A[34], A[35], A[36], A[37], A[38], A[39], A[40], A[41], A[42], A[43], A[44], b
0.00000000000000000000000000000000000000000000000000000000000000000000000000000000,0.00000000000000000000000000000000000000000000000000000000000000000000000000000000,0.00000000000000000000000000000000000000000000000000000000000000000000000000000000,0.00000000000000000000000000000000000000000000000000000000000000000000000000000000,0.00000000000000000000000000000000000000000000000000000000000000000000000000000000,0.00000000000000000000000000000000000000000000000000000000000000000000000000000000,0.00000000000000000000000000000000000000000000000000000000000000000000000000000000,0.00000000000000000000000000000000000000000000000000000000000000000000000000000000,0.00000000000000000000000000000000000000000000000000000000000000000000000000000000,0.00000000000000000000000000000000000000000000000000000000000000000000000000000000,0.00000000000000000000000000000000000000000000000000000000000000000000000000000000,0.00000000000000000000000000000000000000000000000000000000000000000000000000000000,0.00000000000000000000000000000000000000000000000000000000000000000000000000000000,0.00000000000000000000000000000000000000000000000000000000000000000000000000000000,0.00000000000000000000000000000000000000000000000000000000000000000000000000000000,0.00000000000000000000000000000000000000000000000000000000000000000000000000000000,0.00000000000000000000000000000000000000000000000000000000000000000000000000000000,0.00000000000000000000000000000000000000000000000000000000000000000000000000000000,0.00000000000000000000000000000000000000000000000000000000000000000000000000000000,0.00000000000000000000000000000000000000000000000000000000000000000000000000000000,0.00000000000000000000000000000000000000000000000000000000000000000000000000000000,0.00000000000000000000000000000000000000000000000000000000000000000000000000000000,0.00000000000000000000000000000000000000000000000000000000000000000000000000000000,0.00000000000000000000000000000000000000000000000000000000000000000000000000000000,0.00000000000000000000000000000000000000000000000000000000000000000000000000000000,0.00000000000000000000000000000000000000000000000000000000000000000000000000000000,0.00000000000000000000000000000000000000000000000000000000000000000000000000000000,0.00000000000000000000000000000000000000000000000000000000000000000000000000000000,0.00000000000000000000000000000000000000000000000000000000000000000000000000000000,0.00000000000000000000000000000000000000000000000000000000000000000000000000000000,0.00000000000000000000000000000000000000000000000000000000000000000000000000000000,0.00000000000000000000000000000000000000000000000000000000000000000000000000000000,0.00000000000000000000000000000000000000000000000000000000000000000000000000000000,0.00000000000000000000000000000000000000000000000000000000000000000000000000000000,0.00000000000000000000000000000000000000000000000000000000000000000000000000000000,0.00000000000000000000000000000000000000000000000000000000000000000000000000000000,0.00000000000000000000000000000000000000000000000000000000000000000000000000000000,0.00000000000000000000000000000000000000000000000000000000000000000000000000000000,0.00000000000000000000000000000000000000000000000000000000000000000000000000000000,0.00000000000000000000000000000000000000000000000000000000000000000000000000000000,0.00000000000000000000000000000000000000000000000000000000000000000000000000000000,0.00000000000000000000000000000000000000000000000000000000000000000000000000000000,0.00000000000000000000000000000000000000000000000000000000000000000000000000000000,0.00000000000000000000000000000000000000000000000000000000000000000000000000000000,0.00000000000000000000000000000000000000000000000000000000000000000000000000000000,0.01785714285714285714285714285714285714285714285714285714285714285714285714285710
0.06412992574519669233127711938966828094810966516150832254029235721305050295350045,0.06412992574519669233127711938966828094810966516150832254029235721305050295350045,0.00000000000000000000000000000000000000000000000000000000000000000000000000000000,0.00000000000000000000000000000000000000000000000000000000000000000000000000000000,0.00000000000000000000000000000000000000000000000000000000000000000000000000000000,0.00000000000000000000000000000000000000000000000000000000000000000000000000000000,0.00000000000000000000000000000000000000000000000000000000000000000000000000000000,0.00000000000000000000000000000000000000000000000000000000000000000000000000000000,0.00000000000000000000000000000000000000000000000000000000000000000000000000000000,0.00000000000000000000000000000000000000000000000000000000000000000000000000000000,0.00000000000000000000000000000000000000000000000000000000000000000000000000000000,0.00000000000000000000000000000000000000000000000000000000000000000000000000000000,0.00000000000000000000000000000000000000000000000000000000000000000000000000000000,0.00000000000000000000000000000000000000000000000000000000000000000000000000000000,0.00000000000000000000000000000000000000000000000000000000000000000000000000000000,0.00000000000000000000000000000000000000000000000000000000000000000000000000000000,0.00000000000000000000000000000000000000000000000000000000000000000000000000000000,0.00000000000000000000000000000000000000000000000000000000000000000000000000000000,0.00000000000000000000000000000000000000000000000000000000000000000000000000000000,0.00000000000000000000000000000000000000000000000000000000000000000000000000000000,0.00000000000000000000000000000000000000000000000000000000000000000000000000000000,0.00000000000000000000000000000000000000000000000000000000000000000000000000000000,0.00000000000000000000000000000000000000000000000000000000000000000000000000000000,0.00000000000000000000000000000000000000000000000000000000000000000000000000000000,0.00000000000000000000000000000000000000000000000000000000000000000000000000000000,0.00000000000000000000000000000000000000000000000000000000000000000000000000000000,0.00000000000000000000000000000000000000000000000000000000000000000000000000000000,0.00000000000000000000000000000000000000000000000000000000000000000000000000000000,0.00000000000000000000000000000000000000000000000000000000000000000000000000000000,0.00000000000000000000000000000000000000000000000000000000000000000000000000000000,0.00000000000000000000000000000000000000000000000000000000000000000000000000000000,0.00000000000000000000000000000000000000000000000000000000000000000000000000000000,0.00000000000000000000000000000000000000000000000000000000000000000000000000000000,0.00000000000000000000000000000000000000000000000000000000000000000000000000000000,0.00000000000000000000000000000000000000000000000000000000000000000000000000000000,0.00000000000000000000000000000000000000000000000000000000000000000000000000000000,0.00000000000000000000000000000000000000000000000000000000000000000000000000000000,0.00000000000000000000000000000000000000000000000000000000000000000000000000000000,0.00000000000000000000000000000000000000000000000000000000000000000000000000000000,0.00000000000000000000000000000000000000000000000000000000000000000000000000000000,0.00000000000000000000000000000000000000000000000000000000000000000000000000000000,0.00000000000000000000000000000000000000000000000000000000000000000000000000000000,0.00000000000000000000000000000000000000000000000000000000000000000000000000000000,0.00000000000000000000000000000000000000000000000000000000000000000000000000000000,0.00000000000000000000000000000000000000000000000000000000000000000000000000000000,0.00000000000000000000000000000000000000000000000000000000000000000000000000000000
0.06412992574519669233127711938966828094810966516150832254029235721305050295350045,0.03206496287259834616563855969483414047405483258075416127014617860652525147675023,0.03206496287259834616563855969483414047405483258075416127014617860652525147675023,0.00000000000000000000000000000000000000000000000000000000000000000000000000000000,0.00000000000000000000000000000000000000000000000000000000000000000000000000000000,0.00000000000000000000000000000000000000000000000000000000000000000000000000000000,0.00000000000000000000000000000000000000000000000000000000000000000000000000000000,0.00000000000000000000000000000000000000000000000000000000000000000000000000000000,0.00000000000000000000000000000000000000000000000000000000000000000000000000000000,0.00000000000000000000000000000000000000000000000000000000000000000000000000000000,0.00000000000000000000000000000000000000000000000000000000000000000000000000000000,0.00000000000000000000000000000000000000000000000000000000000000000000000000000000,0.00000000000000000000000000000000000000000000000000000000000000000000000000000000,0.00000000000000000000000000000000000000000000000000000000000000000000000000000000,0.00000000000000000000000000000000000000000000000000000000000000000000000000000000,0.00000000000000000000000000000000000000000000000000000000000000000000000000000000,0.00000000000000000000000000000000000000000000000000000000000000000000000000000000,0.00000000000000000000000000000000000000000000000000000000000000000000000000000000,0.00000000000000000000000000000000000000000000000000000000000000000000000000000000,0.00000000000000000000000000000000000000000000000000000000000000000000000000000000,0.00000000000000000000000000000000000000000000000000000000000000000000000000000000,0.00000000000000000000000000000000000000000000000000000000000000000000000000000000,0.00000000000000000000000000000000000000000000000000000000000000000000000000000000,0.00000000000000000000000000000000000000000000000000000000000000000000000000000000,0.00000000000000000000000000000000000000000000000000000000000000000000000000000000,0.00000000000000000000000000000000000000000000000000000000000000000000000000000000,0.00000000000000000000000000000000000000000000000000000000000000000000000000000000,0.00000000000000000000000000000000000000000000000000000000000000000000000000000000,0.00000000000000000000000000000000000000000000000000000000000000000000000000000000,0.00000000000000000000000000000000000000000000000000000000000000000000000000000000,0.00000000000000000000000000000000000000000000000000000000000000000000000000000000,0.00000000000000000000000000000000000000000000000000000000000000000000000000000000,0.00000000000000000000000000000000000000000000000000000000000000000000000000000000,0.00000000000000000000000000000000000000000000000000000000000000000000000000000000,0.00000000000000000000000000000000000000000000000000000000000000000000000000000000,0.00000000000000000000000000000000000000000000000000000000000000000000000000000000,0.00000000000000000000000000000000000000000000000000000000000000000000000000000000,0.00000000000000000000000000000000000000000000000000000000000000000000000000000000,0.00000000000000000000000000000000000000000000000000000000000000000000000000000000,0.00000000000000000000000000000000000000000000000000000000000000000000000000000000,0.00000000000000000000000000000000000000000000000000000000000000000000000000000000,0.00000000000000000000000000000000000000000000000000000000000000000000000000000000,0.00000000000000000000000000000000000000000000000000000000000000000000000000000000,0.00000000000000000000000000000000000000000000000000000000000000000000000000000000,0.00000000000000000000000000000000000000000000000000000000000000000000000000000000,0.00000000000000000000000000000000000000000000000000000000000000000000000000000000
0.20414990928342884892774463430102340502714950524133375162887020426492590997543278,-0.12079343796154932147754476267953322501447120300904782045518659845632328759912343,0.32494334724497817040528939698055663004162070825038157208405680272124919757455622,0.00000000000000000000000000000000000000000000000000000000000000000000000000000000,0.00000000000000000000000000000000000000000000000000000000000000000000000000000000,0.00000000000000000000000000000000000000000000000000000000000000000000000000000000,0.00000000000000000000000000000000000000000000000000000000000000000000000000000000,0.00000000000000000000000000000000000000000000000000000000000000000000000000000000,0.00000000000000000000000000000000000000000000000000000000000000000000000000000000,0.00000000000000000000000000000000000000000000000000000000000000000000000000000000,0.00000000000000000000000000000000000000000000000000000000000000000000000000000000,0.00000000000000000000000000000000000000000000000000000000000000000000000000000000,0.00000000000000000000000000000000000000000000000000000000000000000000000000000000,0.00000000000000000000000000000000000000000000000000000000000000000000000000000000,0.00000000000000000000000000000000000000000000000000000000000000000000000000000000,0.00000000000000000000000000000000000000000000000000000000000000000000000000000000,0.00000000000000000000000000000000000000000000000000000000000000000000000000000000,0.00000000000000000000000000000000000000000000000000000000000000000000000000000000,0.00000000000000000000000000000000000000000000000000000000000000000000000000000000,0.00000000000000000000000000000000000000000000000000000000000000000000000000000000,0.00000000000000000000000000000000000000000000000000000000000000000000000000000000,0.00000000000000000000000000000000000000000000000000000000000000000000000000000000,0.00000000000000000000000000000000000000000000000000000000000000000000000000000000,0.00000000000000000000000000000000000000000000000000000000000000000000000000000000,0.00000000000000000000000000000000000000000000000000000000000000000000000000000000,0.00000000000000000000000000000000000000000000000000000000000000000000000000000000,0.00000000000000000000000000000000000000000000000000000000000000000000000000000000,0.00000000000000000000000000000000000000000000000000000000000000000000000000000000,0.00000000000000000000000000000000000000000000000000000000000000000000000000000000,0.00000000000000000000000000000000000000000000000000000000000000000000000000000000,0.00000000000000000000000000000000000000000000000000000000000000000000000000000000,0.00000000000000000000000000000000000000000000000000000000000000000000000000000000,0.00000000000000000000000000000000000000000000000000000000000000000000000000000000,0.00000000000000000000000000000000000000000000000000000000000000000000000000000000,0.00000000000000000000000000000000000000000000000000000000000000000000000000000000,0.00000000000000000000000000000000000000000000000000000000000000000000000000000000,0.00000000000000000000000000000000000000000000000000000000000000000000000000000000,0.00000000000000000000000000000000000000000000000000000000000000000000000000000000,0.00000000000000000000000000000000000000000000000000000000000000000000000000000000,0.00000000000000000000000000000000000000000000000000000000000000000000000000000000,0.00000000000000000000000000000000000000000000000000000000000000000000000000000000,0.00000000000000000000000000000000000000000000000000000000000000000000000000000000,0.00000000000000000000000000000000000000000000000000000000000000000000000000000000,0.00000000000000000000000000000000000000000000000000000000000000000000000000000000,0.00000000000000000000000000000000000000000000000000000000000000000000000000000000,0.00000000000000000000000000000000000000000000000000000000000000000000000000000000
0.06412992574519669233127711938966828094810966516150832254029235721305050295350045,0.02870742413181064597695575721788984169975477597411195182754885413489473450110424,0.00000000000000000000000000000000000000000000000000000000000000000000000000000000,0.03696027289925785268417161012461581613246290698469060784925760141644620565562077,-0.00153777128587180632985024795283737688410801779729423713651409833829043720322438,0.00000000000000000000000000000000000000000000000000000000000000000000000000000000,0.00000000000000000000000000000000000000000000000000000000000000000000000000000000,0.00000000000000000000000000000000000000000000000000000000000000000000000000000000,0.00000000000000000000000000000000000000000000000000000000000000000000000000000000,0.00000000000000000000000000000000000000000000000000000000000000000000000000000000,0.00000000000000000000000000000000000000000000000000000000000000000000000000000000,0.00000000000000000000000000000000000000000000000000000000000000000000000000000000,0.00000000000000000000000000000000000000000000000000000000000000000000000000000000,0.00000000000000000000000000000000000000000000000000000000000000000000000000000000,0.00000000000000000000000000000000000000000000000000000000000000000000000000000000,0.00000000000000000000000000000000000000000000000000000000000000000000000000000000,0.00000000000000000000000000000000000000000000000000000000000000000000000000000000,0.00000000000000000000000000000000000000000000000000000000000000000000000000000000,0.00000000000000000000000000000000000000000000000000000000000000000000000000000000,0.00000000000000000000000000000000000000000000000000000000000000000000000000000000,0.00000000000000000000000000000000000000000000000000000000000000000000000000000000,0.00000000000000000000000000000000000000000000000000000000000000000000000000000000,0.00000000000000000000000000000000000000000000000000000000000000000000000000000000,0.00000000000000000000000000000000000000000000000000000000000000000000000000000000,0.00000000000000000000000000000000000000000000000000000000000000000000000000000000,0.00000000000000000000000000000000000000000000000000000000000000000000000000000000,0.00000000000000000000000000000000000000000000000000000000000000000000000000000000,0.00000000000000000000000000000000000000000000000000000000000000000000000000000000,0.00000000000000000000000000000000000000000000000000000000000000000000000000000000,0.00000000000000000000000000000000000000000000000000000000000000000000000000000000,0.00000000000000000000000000000000000000000000000000000000000000000000000000000000,0.00000000000000000000000000000000000000000000000000000000000000000000000000000000,0.00000000000000000000000000000000000000000000000000000000000000000000000000000000,0.00000000000000000000000000000000000000000000000000000000000000000000000000000000,0.00000000000000000000000000000000000000000000000000000000000000000000000000000000,0.00000000000000000000000000000000000000000000000000000000000000000000000000000000,0.00000000000000000000000000000000000000000000000000000000000000000000000000000000,0.00000000000000000000000000000000000000000000000000000000000000000000000000000000,0.00000000000000000000000000000000000000000000000000000000000000000000000000000000,0.00000000000000000000000000000000000000000000000000000000000000000000000000000000,0.00000000000000000000000000000000000000000000000000000000000000000000000000000000,0.00000000000000000000000000000000000000000000000000000000000000000000000000000000,0.00000000000000000000000000000000000000000000000000000000000000000000000000000000,0.00000000000000000000000000000000000000000000000000000000000000000000000000000000,0.00000000000000000000000000000000000000000000000000000000000000000000000000000000,0.00000000000000000000000000000000000000000000000000000000000000000000000000000000
0.20414990928342884892774463430102340502714950524133375162887020426492590997543278,-0.00623949443994496567122414850967384083363215012946031488025049877462011087046757,0.00000000000000000000000000000000000000000000000000000000000000000000000000000000,0.15792306494642315353013314170508250000149150555453731630199078396333342219187744,0.05246633877695066106883564110561474585929014981625675020712991907621259865402292,0.00000000000000000000000000000000000000000000000000000000000000000000000000000000,0.00000000000000000000000000000000000000000000000000000000000000000000000000000000,0.00000000000000000000000000000000000000000000000000000000000000000000000000000000,0.00000000000000000000000000000000000000000000000000000000000000000000000000000000,0.00000000000000000000000000000000000000000000000000000000000000000000000000000000,0.00000000000000000000000000000000000000000000000000000000000000000000000000000000,0.00000000000000000000000000000000000000000000000000000000000000000000000000000000,0.00000000000000000000000000000000000000000000000000000000000000000000000000000000,0.00000000000000000000000000000000000000000000000000000000000000000000000000000000,0.00000000000000000000000000000000000000000000000000000000000000000000000000000000,0.00000000000000000000000000000000000000000000000000000000000000000000000000000000,0.00000000000000000000000000000000000000000000000000000000000000000000000000000000,0.00000000000000000000000000000000000000000000000000000000000000000000000000000000,0.00000000000000000000000000000000000000000000000000000000000000000000000000000000,0.00000000000000000000000000000000000000000000000000000000000000000000000000000000,0.00000000000000000000000000000000000000000000000000000000000000000000000000000000,0.00000000000000000000000000000000000000000000000000000000000000000000000000000000,0.00000000000000000000000000000000000000000000000000000000000000000000000000000000,0.00000000000000000000000000000000000000000000000000000000000000000000000000000000,0.00000000000000000000000000000000000000000000000000000000000000000000000000000000,0.00000000000000000000000000000000000000000000000000000000000000000000000000000000,0.00000000000000000000000000000000000000000000000000000000000000000000000000000000,0.00000000000000000000000000000000000000000000000000000000000000000000000000000000,0.00000000000000000000000000000000000000000000000000000000000000000000000000000000,0.00000000000000000000000000000000000000000000000000000000000000000000000000000000,0.00000000000000000000000000000000000000000000000000000000000000000000000000000000,0.00000000000000000000000000000000000000000000000000000000000000000000000000000000,0.00000000000000000000000000000000000000000000000000000000000000000000000000000000,0.00000000000000000000000000000000000000000000000000000000000000000000000000000000,0.00000000000000000000000000000000000000000000000000000000000000000000000000000000,0.00000000000000000000000000000000000000000000000000000000000000000000000000000000,0.00000000000000000000000000000000000000000000000000000000000000000000000000000000,0.00000000000000000000000000000000000000000000000000000000000000000000000000000000,0.00000000000000000000000000000000000000000000000000000000000000000000000000000000,0.00000000000000000000000000000000000000000000000000000000000000000000000000000000,0.00000000000000000000000000000000000000000000000000000000000000000000000000000000,0.00000000000000000000000000000000000000000000000000000000000000000000000000000000,0.00000000000000000000000000000000000000000000000000000000000000000000000000000000,0.00000000000000000000000000000000000000000000000000000000000000000000000000000000,0.00000000000000000000000000000000000000000000000000000000000000000000000000000000,0.00000000000000000000000000000000000000000000000000000000000000000000000000000000
0.39535039104876056561567136982732437235222729745665945055457665383893453817686010,0.36721756555069190173154418525755728902488038690127551158411626776552706892252089,0.00000000000000000000000000000000000000000000000000000000000000000000000000000000,-0.51712370083314531398319398465186178395782205553562409626954556990271278351576150,0.54525652633121397786732116922162886728516896609100803524000595597612025277010072,0.00000000000000000000000000000000000000000000000000000000000000000000000000000000,0.00000000000000000000000000000000000000000000000000000000000000000000000000000000,0.00000000000000000000000000000000000000000000000000000000000000000000000000000000,0.00000000000000000000000000000000000000000000000000000000000000000000000000000000,0.00000000000000000000000000000000000000000000000000000000000000000000000000000000,0.00000000000000000000000000000000000000000000000000000000000000000000000000000000,0.00000000000000000000000000000000000000000000000000000000000000000000000000000000,0.00000000000000000000000000000000000000000000000000000000000000000000000000000000,0.00000000000000000000000000000000000000000000000000000000000000000000000000000000,0.00000000000000000000000000000000000000000000000000000000000000000000000000000000,0.00000000000000000000000000000000000000000000000000000000000000000000000000000000,0.00000000000000000000000000000000000000000000000000000000000000000000000000000000,0.00000000000000000000000000000000000000000000000000000000000000000000000000000000,0.00000000000000000000000000000000000000000000000000000000000000000000000000000000,0.00000000000000000000000000000000000000000000000000000000000000000000000000000000,0.00000000000000000000000000000000000000000000000000000000000000000000000000000000,0.00000000000000000000000000000000000000000000000000000000000000000000000000000000,0.00000000000000000000000000000000000000000000000000000000000000000000000000000000,0.00000000000000000000000000000000000000000000000000000000000000000000000000000000,0.00000000000000000000000000000000000000000000000000000000000000000000000000000000,0.00000000000000000000000000000000000000000000000000000000000000000000000000000000,0.00000000000000000000000000000000000000000000000000000000000000000000000000000000,0.00000000000000000000000000000000000000000000000000000000000000000000000000000000,0.00000000000000000000000000000000000000000000000000000000000000000000000000000000,0.00000000000000000000000000000000000000000000000000000000000000000000000000000000,0.00000000000000000000000000000000000000000000000000000000000000000000000000000000,0.00000000000000000000000000000000000000000000000000000000000000000000000000000000,0.00000000000000000000000000000000000000000000000000000000000000000000000000000000,0.00000000000000000000000000000000000000000000000000000000000000000000000000000000,0.00000000000000000000000000000000000000000000000000000000000000000000000000000000,0.00000000000000000000000000000000000000000000000000000000000000000000000000000000,0.00000000000000000000000000000000000000000000000000000000000000000000000000000000,0.00000000000000000000000000000000000000000000000000000000000000000000000000000000,0.00000000000000000000000000000000000000000000000000000000000000000000000000000000,0.00000000000000000000000000000000000000000000000000000000000000000000000000000000,0.00000000000000000000000000000000000000000000000000000000000000000000000000000000,0.00000000000000000000000000000000000000000000000000000000000000000000000000000000,0.00000000000000000000000000000000000000000000000000000000000000000000000000000000,0.00000000000000000000000000000000000000000000000000000000000000000000000000000000,0.00000000000000000000000000000000000000000000000000000000000000000000000000000000,0.00000000000000000000000000000000000000000000000000000000000000000000000000000000
0.06412992574519669233127711938966828094810966516150832254029235721305050295350045,0.02724598160547840833119616650089668122082222142632278514546566780997230222488780,0.00000000000000000000000000000000000000000000000000000000000000000000000000000000,0.00000000000000000000000000000000000000000000000000000000000000000000000000000000,0.00000000000000000000000000000000000000000000000000000000000000000000000000000000,0.03950362167098919366516274358520045191971818030944517573203616618104322905151897,-0.00292180173850503638663250269192850293636929688632691462807208767726599884372546,0.00030212420723412672155071199549965074393856031206727629086261089930097052081980,0.00000000000000000000000000000000000000000000000000000000000000000000000000000000,0.00000000000000000000000000000000000000000000000000000000000000000000000000000000,0.00000000000000000000000000000000000000000000000000000000000000000000000000000000,0.00000000000000000000000000000000000000000000000000000000000000000000000000000000,0.00000000000000000000000000000000000000000000000000000000000000000000000000000000,0.00000000000000000000000000000000000000000000000000000000000000000000000000000000,0.00000000000000000000000000000000000000000000000000000000000000000000000000000000,0.00000000000000000000000000000000000000000000000000000000000000000000000000000000,0.00000000000000000000000000000000000000000000000000000000000000000000000000000000,0.00000000000000000000000000000000000000000000000000000000000000000000000000000000,0.00000000000000000000000000000000000000000000000000000000000000000000000000000000,0.00000000000000000000000000000000000000000000000000000000000000000000000000000000,0.00000000000000000000000000000000000000000000000000000000000000000000000000000000,0.00000000000000000000000000000000000000000000000000000000000000000000000000000000,0.00000000000000000000000000000000000000000000000000000000000000000000000000000000,0.00000000000000000000000000000000000000000000000000000000000000000000000000000000,0.00000000000000000000000000000000000000000000000000000000000000000000000000000000,0.00000000000000000000000000000000000000000000000000000000000000000000000000000000,0.00000000000000000000000000000000000000000000000000000000000000000000000000000000,0.00000000000000000000000000000000000000000000000000000000000000000000000000000000,0.00000000000000000000000000000000000000000000000000000000000000000000000000000000,0.00000000000000000000000000000000000000000000000000000000000000000000000000000000,0.00000000000000000000000000000000000000000000000000000000000000000000000000000000,0.00000000000000000000000000000000000000000000000000000000000000000000000000000000,0.00000000000000000000000000000000000000000000000000000000000000000000000000000000,0.00000000000000000000000000000000000000000000000000000000000000000000000000000000,0.00000000000000000000000000000000000000000000000000000000000000000000000000000000,0.00000000000000000000000000000000000000000000000000000000000000000000000000000000,0.00000000000000000000000000000000000000000000000000000000000000000000000000000000,0.00000000000000000000000000000000000000000000000000000000000000000000000000000000,0.00000000000000000000000000000000000000000000000000000000000000000000000000000000,0.00000000000000000000000000000000000000000000000000000000000000000000000000000000,0.00000000000000000000000000000000000000000000000000000000000000000000000000000000,0.00000000000000000000000000000000000000000000000000000000000000000000000000000000,0.00000000000000000000000000000000000000000000000000000000000000000000000000000000,0.00000000000000000000000000000000000000000000000000000000000000000000000000000000,0.00000000000000000000000000000000000000000000000000000000000000000000000000000000,0.00000000000000000000000000000000000000000000000000000000000000000000000000000000
0.20414990928342884892774463430102340502714950524133375162887020426492590997543278,0.00415633415506724366457875618061849193971139280872164076287870075603489306372889,0.00000000000000000000000000000000000000000000000000000000000000000000000000000000,0.00000000000000000000000000000000000000000000000000000000000000000000000000000000,0.00000000000000000000000000000000000000000000000000000000000000000000000000000000,0.13983120200152137305814377908369202373927961268578065669000429070024849446961824,0.06231150415061879367263996010769042398513272243064460660064651263804559749649475,-0.00214913102377856146761786107097753463697422268381315242465929982940307505440949,0.00000000000000000000000000000000000000000000000000000000000000000000000000000000,0.00000000000000000000000000000000000000000000000000000000000000000000000000000000,0.00000000000000000000000000000000000000000000000000000000000000000000000000000000,0.00000000000000000000000000000000000000000000000000000000000000000000000000000000,0.00000000000000000000000000000000000000000000000000000000000000000000000000000000,0.00000000000000000000000000000000000000000000000000000000000000000000000000000000,0.00000000000000000000000000000000000000000000000000000000000000000000000000000000,0.00000000000000000000000000000000000000000000000000000000000000000000000000000000,0.00000000000000000000000000000000000000000000000000000000000000000000000000000000,0.00000000000000000000000000000000000000000000000000000000000000000000000000000000,0.00000000000000000000000000000000000000000000000000000000000000000000000000000000,0.00000000000000000000000000000000000000000000000000000000000000000000000000000000,0.00000000000000000000000000000000000000000000000000000000000000000000000000000000,0.00000000000000000000000000000000000000000000000000000000000000000000000000000000,0.00000000000000000000000000000000000000000000000000000000000000000000000000000000,0.00000000000000000000000000000000000000000000000000000000000000000000000000000000,0.00000000000000000000000000000000000000000000000000000000000000000000000000000000,0.00000000000000000000000000000000000000000000000000000000000000000000000000000000,0.00000000000000000000000000000000000000000000000000000000000000000000000000000000,0.00000000000000000000000000000000000000000000000000000000000000000000000000000000,0.00000000000000000000000000000000000000000000000000000000000000000000000000000000,0.00000000000000000000000000000000000000000000000000000000000000000000000000000000,0.00000000000000000000000000000000000000000000000000000000000000000000000000000000,0.00000000000000000000000000000000000000000000000000000000000000000000000000000000,0.00000000000000000000000000000000000000000000000000000000000000000000000000000000,0.00000000000000000000000000000000000000000000000000000000000000000000000000000000,0.00000000000000000000000000000000000000000000000000000000000000000000000000000000,0.00000000000000000000000000000000000000000000000000000000000000000000000000000000,0.00000000000000000000000000000000000000000000000000000000000000000000000000000000,0.00000000000000000000000000000000000000000000000000000000000000000000000000000000,0.00000000000000000000000000000000000000000000000000000000000000000000000000000000,0.00000000000000000000000000000000000000000000000000000000000000000000000000000000,0.00000000000000000000000000000000000000000000000000000000000000000000000000000000,0.00000000000000000000000000000000000000000000000000000000000000000000000000000000,0.00000000000000000000000000000000000000000000000000000000000000000000000000000000,0.00000000000000000000000000000000000000000000000000000000000000000000000000000000,0.00000000000000000000000000000000000000000000000000000000000000000000000000000000,0.00000000000000000000000000000000000000000000000000000000000000000000000000000000
0.39535039104876056561567136982732437235222729745665945055457665383893453817686010,0.05718810880778784348442749864825172944591919385481248538498289057338356816283748,0.00000000000000000000000000000000000000000000000000000000000000000000000000000000,0.00000000000000000000000000000000000000000000000000000000000000000000000000000000,0.00000000000000000000000000000000000000000000000000000000000000000000000000000000,0.02242063553328050223595046220443443589048741279691437873022189421141144652289045,0.25164921600995368051442283178802506833879997658014698759111974404400061226269161,0.06409243069773853938087057718661313867702071422478559884825212501013891122843840,0.00000000000000000000000000000000000000000000000000000000000000000000000000000000,0.00000000000000000000000000000000000000000000000000000000000000000000000000000000,0.00000000000000000000000000000000000000000000000000000000000000000000000000000000,0.00000000000000000000000000000000000000000000000000000000000000000000000000000000,0.00000000000000000000000000000000000000000000000000000000000000000000000000000000,0.00000000000000000000000000000000000000000000000000000000000000000000000000000000,0.00000000000000000000000000000000000000000000000000000000000000000000000000000000,0.00000000000000000000000000000000000000000000000000000000000000000000000000000000,0.00000000000000000000000000000000000000000000000000000000000000000000000000000000,0.00000000000000000000000000000000000000000000000000000000000000000000000000000000,0.00000000000000000000000000000000000000000000000000000000000000000000000000000000,0.00000000000000000000000000000000000000000000000000000000000000000000000000000000,0.00000000000000000000000000000000000000000000000000000000000000000000000000000000,0.00000000000000000000000000000000000000000000000000000000000000000000000000000000,0.00000000000000000000000000000000000000000000000000000000000000000000000000000000,0.00000000000000000000000000000000000000000000000000000000000000000000000000000000,0.00000000000000000000000000000000000000000000000000000000000000000000000000000000,0.00000000000000000000000000000000000000000000000000000000000000000000000000000000,0.00000000000000000000000000000000000000000000000000000000000000000000000000000000,0.00000000000000000000000000000000000000000000000000000000000000000000000000000000,0.00000000000000000000000000000000000000000000000000000000000000000000000000000000,0.00000000000000000000000000000000000000000000000000000000000000000000000000000000,0.00000000000000000000000000000000000000000000000000000000000000000000000000000000,0.00000000000000000000000000000000000000000000000000000000000000000000000000000000,0.00000000000000000000000000000000000000000000000000000000000000000000000000000000,0.00000000000000000000000000000000000000000000000000000000000000000000000000000000,0.00000000000000000000000000000000000000000000000000000000000000000000000000000000,0.00000000000000000000000000000000000000000000000000000000000000000000000000000000,0.00000000000000000000000000000000000000000000000000000000000000000000000000000000,0.00000000000000000000000000000000000000000000000000000000000000000000000000000000,0.00000000000000000000000000000000000000000000000000000000000000000000000000000000,0.00000000000000000000000000000000000000000000000000000000000000000000000000000000,0.00000000000000000000000000000000000000000000000000000000000000000000000000000000,0.00000000000000000000000000000000000000000000000000000000000000000000000000000000,0.00000000000000000000000000000000000000000000000000000000000000000000000000000000,0.00000000000000000000000000000000000000000000000000000000000000000000000000000000,0.00000000000000000000000000000000000000000000000000000000000000000000000000000000,0.00000000000000000000000000000000000000000000000000000000000000000000000000000000
0.60464960895123943438432863017267562764777270254334054944542334616106546182314422,-0.61195714613157454752697298070558692737333575247857563529171043768915291172684434,0.00000000000000000000000000000000000000000000000000000000000000000000000000000000,0.00000000000000000000000000000000000000000000000000000000000000000000000000000000,0.00000000000000000000000000000000000000000000000000000000000000000000000000000000,1.34313245149303044277855886019617157362955064572387734145944366229160601161634037,-0.76719249146957133035367889137874273461437310723367326604243094984138754398772147,0.64066679505935486948642164206083371600593091653171210932012107139999990592136966,0.00000000000000000000000000000000000000000000000000000000000000000000000000000000,0.00000000000000000000000000000000000000000000000000000000000000000000000000000000,0.00000000000000000000000000000000000000000000000000000000000000000000000000000000,0.00000000000000000000000000000000000000000000000000000000000000000000000000000000,0.00000000000000000000000000000000000000000000000000000000000000000000000000000000,0.00000000000000000000000000000000000000000000000000000000000000000000000000000000,0.00000000000000000000000000000000000000000000000000000000000000000000000000000000,0.00000000000000000000000000000000000000000000000000000000000000000000000000000000,0.00000000000000000000000000000000000000000000000000000000000000000000000000000000,0.00000000000000000000000000000000000000000000000000000000000000000000000000000000,0.00000000000000000000000000000000000000000000000000000000000000000000000000000000,0.00000000000000000000000000000000000000000000000000000000000000000000000000000000,0.00000000000000000000000000000000000000000000000000000000000000000000000000000000,0.00000000000000000000000000000000000000000000000000000000000000000000000000000000,0.00000000000000000000000000000000000000000000000000000000000000000000000000000000,0.00000000000000000000000000000000000000000000000000000000000000000000000000000000,0.00000000000000000000000000000000000000000000000000000000000000000000000000000000,0.00000000000000000000000000000000000000000000000000000000000000000000000000000000,0.00000000000000000000000000000000000000000000000000000000000000000000000000000000,0.00000000000000000000000000000000000000000000000000000000000000000000000000000000,0.00000000000000000000000000000000000000000000000000000000000000000000000000000000,0.00000000000000000000000000000000000000000000000000000000000000000000000000000000,0.00000000000000000000000000000000000000000000000000000000000000000000000000000000,0.00000000000000000000000000000000000000000000000000000000000000000000000000000000,0.00000000000000000000000000000000000000000000000000000000000000000000000000000000,0.00000000000000000000000000000000000000000000000000000000000000000000000000000000,0.00000000000000000000000000000000000000000000000000000000000000000000000000000000,0.00000000000000000000000000000000000000000000000000000000000000000000000000000000,0.00000000000000000000000000000000000000000000000000000000000000000000000000000000,0.00000000000000000000000000000000000000000000000000000000000000000000000000000000,0.00000000000000000000000000000000000000000000000000000000000000000000000000000000,0.00000000000000000000000000000000000000000000000000000000000000000000000000000000,0.00000000000000000000000000000000000000000000000000000000000000000000000000000000,0.00000000000000000000000000000000000000000000000000000000000000000000000000000000,0.00000000000000000000000000000000000000000000000000000000000000000000000000000000,0.00000000000000000000000000000000000000000000000000000000000000000000000000000000,0.00000000000000000000000000000000000000000000000000000000000000000000000000000000,0.00000000000000000000000000000000000000000000000000000000000000000000000000000000
0.06412992574519669233127711938966828094810966516150832254029235721305050295350045,0.02636502987372094140391735372459355149831051316948895555407949604588980503563270,0.00000000000000000000000000000000000000000000000000000000000000000000000000000000,0.00000000000000000000000000000000000000000000000000000000000000000000000000000000,0.00000000000000000000000000000000000000000000000000000000000000000000000000000000,0.00000000000000000000000000000000000000000000000000000000000000000000000000000000,0.00000000000000000000000000000000000000000000000000000000000000000000000000000000,0.00000000000000000000000000000000000000000000000000000000000000000000000000000000,0.04121863916805054972476341336819864339973333490391585281250618465918124219992998,-0.00418135808492737602006947809936128501594288800057373429023812922142954845799721,0.00082825299771907504586125937681458167117029797995459503061713393863243975506805,-0.00010063820936649782319542898057721060516159289127734656667232820922343557913366,0.00000000000000000000000000000000000000000000000000000000000000000000000000000000,0.00000000000000000000000000000000000000000000000000000000000000000000000000000000,0.00000000000000000000000000000000000000000000000000000000000000000000000000000000,0.00000000000000000000000000000000000000000000000000000000000000000000000000000000,0.00000000000000000000000000000000000000000000000000000000000000000000000000000000,0.00000000000000000000000000000000000000000000000000000000000000000000000000000000,0.00000000000000000000000000000000000000000000000000000000000000000000000000000000,0.00000000000000000000000000000000000000000000000000000000000000000000000000000000,0.00000000000000000000000000000000000000000000000000000000000000000000000000000000,0.00000000000000000000000000000000000000000000000000000000000000000000000000000000,0.00000000000000000000000000000000000000000000000000000000000000000000000000000000,0.00000000000000000000000000000000000000000000000000000000000000000000000000000000,0.00000000000000000000000000000000000000000000000000000000000000000000000000000000,0.00000000000000000000000000000000000000000000000000000000000000000000000000000000,0.00000000000000000000000000000000000000000000000000000000000000000000000000000000,0.00000000000000000000000000000000000000000000000000000000000000000000000000000000,0.00000000000000000000000000000000000000000000000000000000000000000000000000000000,0.00000000000000000000000000000000000000000000000000000000000000000000000000000000,0.00000000000000000000000000000000000000000000000000000000000000000000000000000000,0.00000000000000000000000000000000000000000000000000000000000000000000000000000000,0.00000000000000000000000000000000000000000000000000000000000000000000000000000000,0.00000000000000000000000000000000000000000000000000000000000000000000000000000000,0.00000000000000000000000000000000000000000000000000000000000000000000000000000000,0.00000000000000000000000000000000000000000000000000000000000000000000000000000000,0.00000000000000000000000000000000000000000000000000000000000000000000000000000000,0.00000000000000000000000000000000000000000000000000000000000000000000000000000000,0.00000000000000000000000000000000000000000000000000000000000000000000000000000000,0.00000000000000000000000000000000000000000000000000000000000000000000000000000000,0.00000000000000000000000000000000000000000000000000000000000000000000000000000000,0.00000000000000000000000000000000000000000000000000000000000000000000000000000000,0.00000000000000000000000000000000000000000000000000000000000000000000000000000000,0.00000000000000000000000000000000000000000000000000000000000000000000000000000000,0.00000000000000000000000000000000000000000000000000000000000000000000000000000000,0.00000000000000000000000000000000000000000000000000000000000000000000000000000000
0.20414990928342884892774463430102340502714950524133375162887020426492590997543278,0.00825445083642127487077551097627535778355341885908440836259595983565644725588803,0.00000000000000000000000000000000000000000000000000000000000000000000000000000000,0.00000000000000000000000000000000000000000000000000000000000000000000000000000000,0.00000000000000000000000000000000000000000000000000000000000000000000000000000000,0.00000000000000000000000000000000000000000000000000000000000000000000000000000000,0.00000000000000000000000000000000000000000000000000000000000000000000000000000000,0.00000000000000000000000000000000000000000000000000000000000000000000000000000000,0.13185307838798366757122855770109062939195668310895980184295272200930467476564390,0.06817085908267744854031482323181884699457302325345988579005631352507647763853802,-0.00459663988845332739798576160815852831018490855153824143396694268891508914111267,0.00046816086479978534341150399999709916725128857136789706723215158380339945647529,0.00000000000000000000000000000000000000000000000000000000000000000000000000000000,0.00000000000000000000000000000000000000000000000000000000000000000000000000000000,0.00000000000000000000000000000000000000000000000000000000000000000000000000000000,0.00000000000000000000000000000000000000000000000000000000000000000000000000000000,0.00000000000000000000000000000000000000000000000000000000000000000000000000000000,0.00000000000000000000000000000000000000000000000000000000000000000000000000000000,0.00000000000000000000000000000000000000000000000000000000000000000000000000000000,0.00000000000000000000000000000000000000000000000000000000000000000000000000000000,0.00000000000000000000000000000000000000000000000000000000000000000000000000000000,0.00000000000000000000000000000000000000000000000000000000000000000000000000000000,0.00000000000000000000000000000000000000000000000000000000000000000000000000000000,0.00000000000000000000000000000000000000000000000000000000000000000000000000000000,0.00000000000000000000000000000000000000000000000000000000000000000000000000000000,0.00000000000000000000000000000000000000000000000000000000000000000000000000000000,0.00000000000000000000000000000000000000000000000000000000000000000000000000000000,0.00000000000000000000000000000000000000000000000000000000000000000000000000000000,0.00000000000000000000000000000000000000000000000000000000000000000000000000000000,0.00000000000000000000000000000000000000000000000000000000000000000000000000000000,0.00000000000000000000000000000000000000000000000000000000000000000000000000000000,0.00000000000000000000000000000000000000000000000000000000000000000000000000000000,0.00000000000000000000000000000000000000000000000000000000000000000000000000000000,0.00000000000000000000000000000000000000000000000000000000000000000000000000000000,0.00000000000000000000000000000000000000000000000000000000000000000000000000000000,0.00000000000000000000000000000000000000000000000000000000000000000000000000000000,0.00000000000000000000000000000000000000000000000000000000000000000000000000000000,0.00000000000000000000000000000000000000000000000000000000000000000000000000000000,0.00000000000000000000000000000000000000000000000000000000000000000000000000000000,0.00000000000000000000000000000000000000000000000000000000000000000000000000000000,0.00000000000000000000000000000000000000000000000000000000000000000000000000000000,0.00000000000000000000000000000000000000000000000000000000000000000000000000000000,0.00000000000000000000000000000000000000000000000000000000000000000000000000000000,0.00000000000000000000000000000000000000000000000000000000000000000000000000000000,0.00000000000000000000000000000000000000000000000000000000000000000000000000000000,0.00000000000000000000000000000000000000000000000000000000000000000000000000000000
0.39535039104876056561567136982732437235222729745665945055457665383893453817686010,0.03431574693848810584147168478516234505179213096446354557175373921264076543948104,0.00000000000000000000000000000000000000000000000000000000000000000000000000000000,0.00000000000000000000000000000000000000000000000000000000000000000000000000000000,0.00000000000000000000000000000000000000000000000000000000000000000000000000000000,0.00000000000000000000000000000000000000000000000000000000000000000000000000000000,0.00000000000000000000000000000000000000000000000000000000000000000000000000000000,0.00000000000000000000000000000000000000000000000000000000000000000000000000000000,0.06694804763872307973177991379992739642029130663890280263905610407880131842194868,0.21894705139456454984086807452888874607750223285328939572291265049203648323660360,0.07775243913182346889873786517665191954203294723687884082250993951818245734939567,-0.00261289405483863869718616846330603473939132023687513420165577946272648627057223,0.00000000000000000000000000000000000000000000000000000000000000000000000000000000,0.00000000000000000000000000000000000000000000000000000000000000000000000000000000,0.00000000000000000000000000000000000000000000000000000000000000000000000000000000,0.00000000000000000000000000000000000000000000000000000000000000000000000000000000,0.00000000000000000000000000000000000000000000000000000000000000000000000000000000,0.00000000000000000000000000000000000000000000000000000000000000000000000000000000,0.00000000000000000000000000000000000000000000000000000000000000000000000000000000,0.00000000000000000000000000000000000000000000000000000000000000000000000000000000,0.00000000000000000000000000000000000000000000000000000000000000000000000000000000,0.00000000000000000000000000000000000000000000000000000000000000000000000000000000,0.00000000000000000000000000000000000000000000000000000000000000000000000000000000,0.00000000000000000000000000000000000000000000000000000000000000000000000000000000,0.00000000000000000000000000000000000000000000000000000000000000000000000000000000,0.00000000000000000000000000000000000000000000000000000000000000000000000000000000,0.00000000000000000000000000000000000000000000000000000000000000000000000000000000,0.00000000000000000000000000000000000000000000000000000000000000000000000000000000,0.00000000000000000000000000000000000000000000000000000000000000000000000000000000,0.00000000000000000000000000000000000000000000000000000000000000000000000000000000,0.00000000000000000000000000000000000000000000000000000000000000000000000000000000,0.00000000000000000000000000000000000000000000000000000000000000000000000000000000,0.00000000000000000000000000000000000000000000000000000000000000000000000000000000,0.00000000000000000000000000000000000000000000000000000000000000000000000000000000,0.00000000000000000000000000000000000000000000000000000000000000000000000000000000,0.00000000000000000000000000000000000000000000000000000000000000000000000000000000,0.00000000000000000000000000000000000000000000000000000000000000000000000000000000,0.00000000000000000000000000000000000000000000000000000000000000000000000000000000,0.00000000000000000000000000000000000000000000000000000000000000000000000000000000,0.00000000000000000000000000000000000000000000000000000000000000000000000000000000,0.00000000000000000000000000000000000000000000000000000000000000000000000000000000,0.00000000000000000000000000000000000000000000000000000000000000000000000000000000,0.00000000000000000000000000000000000000000000000000000000000000000000000000000000,0.00000000000000000000000000000000000000000000000000000000000000000000000000000000,0.00000000000000000000000000000000000000000000000000000000000000000000000000000000,0.00000000000000000000000000000000000000000000000000000000000000000000000000000000
0.60464960895123943438432863017267562764777270254334054944542334616106546182314422,-0.02971656423377498883202633005620468054104192602405357781005977028434561413244721,0.00000000000000000000000000000000000000000000000000000000000000000000000000000000,0.00000000000000000000000000000000000000000000000000000000000000000000000000000000,0.00000000000000000000000000000000000000000000000000000000000000000000000000000000,0.00000000000000000000000000000000000000000000000000000000000000000000000000000000,0.00000000000000000000000000000000000000000000000000000000000000000000000000000000,0.00000000000000000000000000000000000000000000000000000000000000000000000000000000,0.20963926513895527739759656844514340251671696334920976321850117850159288726002110,0.06527629613468602131154192926312587165534546744326912007006438407893562736855004,0.29293658228819948341922821355914210675803966908860140855815747927172745592909482,0.06651402962317364108798824896146892725871252868631383540876007459315510539792977,0.00000000000000000000000000000000000000000000000000000000000000000000000000000000,0.00000000000000000000000000000000000000000000000000000000000000000000000000000000,0.00000000000000000000000000000000000000000000000000000000000000000000000000000000,0.00000000000000000000000000000000000000000000000000000000000000000000000000000000,0.00000000000000000000000000000000000000000000000000000000000000000000000000000000,0.00000000000000000000000000000000000000000000000000000000000000000000000000000000,0.00000000000000000000000000000000000000000000000000000000000000000000000000000000,0.00000000000000000000000000000000000000000000000000000000000000000000000000000000,0.00000000000000000000000000000000000000000000000000000000000000000000000000000000,0.00000000000000000000000000000000000000000000000000000000000000000000000000000000,0.00000000000000000000000000000000000000000000000000000000000000000000000000000000,0.00000000000000000000000000000000000000000000000000000000000000000000000000000000,0.00000000000000000000000000000000000000000000000000000000000000000000000000000000,0.00000000000000000000000000000000000000000000000000000000000000000000000000000000,0.00000000000000000000000000000000000000000000000000000000000000000000000000000000,0.00000000000000000000000000000000000000000000000000000000000000000000000000000000,0.00000000000000000000000000000000000000000000000000000000000000000000000000000000,0.00000000000000000000000000000000000000000000000000000000000000000000000000000000,0.00000000000000000000000000000000000000000000000000000000000000000000000000000000,0.00000000000000000000000000000000000000000000000000000000000000000000000000000000,0.00000000000000000000000000000000000000000000000000000000000000000000000000000000,0.00000000000000000000000000000000000000000000000000000000000000000000000000000000,0.00000000000000000000000000000000000000000000000000000000000000000000000000000000,0.00000000000000000000000000000000000000000000000000000000000000000000000000000000,0.00000000000000000000000000000000000000000000000000000000000000000000000000000000,0.00000000000000000000000000000000000000000000000000000000000000000000000000000000,0.00000000000000000000000000000000000000000000000000000000000000000000000000000000,0.00000000000000000000000000000000000000000000000000000000000000000000000000000000,0.00000000000000000000000000000000000000000000000000000000000000000000000000000000,0.00000000000000000000000000000000000000000000000000000000000000000000000000000000,0.00000000000000000000000000000000000000000000000000000000000000000000000000000000,0.00000000000000000000000000000000000000000000000000000000000000000000000000000000,0.00000000000000000000000000000000000000000000000000000000000000000000000000000000,0.00000000000000000000000000000000000000000000000000000000000000000000000000000000
0.79585009071657115107225536569897659497285049475866624837112979573507409002456722,0.68183533307392297372420287368420611692959013627914202117878684166762620484795584,0.00000000000000000000000000000000000000000000000000000000000000000000000000000000,0.00000000000000000000000000000000000000000000000000000000000000000000000000000000,0.00000000000000000000000000000000000000000000000000000000000000000000000000000000,0.00000000000000000000000000000000000000000000000000000000000000000000000000000000,0.00000000000000000000000000000000000000000000000000000000000000000000000000000000,0.00000000000000000000000000000000000000000000000000000000000000000000000000000000,-1.30672282704946068678367818958700421849701416804121426202997172031943115937859821,1.46959055865313525619602761971761026795047496097407540861007555736875879621796751,-0.62117228619754665313761058880501112534073653088781132482900367332602127107716287,0.57231931223652026107331365068917555393053609643447440544124279034414151941440495,0.00000000000000000000000000000000000000000000000000000000000000000000000000000000,0.00000000000000000000000000000000000000000000000000000000000000000000000000000000,0.00000000000000000000000000000000000000000000000000000000000000000000000000000000,0.00000000000000000000000000000000000000000000000000000000000000000000000000000000,0.00000000000000000000000000000000000000000000000000000000000000000000000000000000,0.00000000000000000000000000000000000000000000000000000000000000000000000000000000,0.00000000000000000000000000000000000000000000000000000000000000000000000000000000,0.00000000000000000000000000000000000000000000000000000000000000000000000000000000,0.00000000000000000000000000000000000000000000000000000000000000000000000000000000,0.00000000000000000000000000000000000000000000000000000000000000000000000000000000,0.00000000000000000000000000000000000000000000000000000000000000000000000000000000,0.00000000000000000000000000000000000000000000000000000000000000000000000000000000,0.00000000000000000000000000000000000000000000000000000000000000000000000000000000,0.00000000000000000000000000000000000000000000000000000000000000000000000000000000,0.00000000000000000000000000000000000000000000000000000000000000000000000000000000,0.00000000000000000000000000000000000000000000000000000000000000000000000000000000,0.00000000000000000000000000000000000000000000000000000000000000000000000000000000,0.00000000000000000000000000000000000000000000000000000000000000000000000000000000,0.00000000000000000000000000000000000000000000000000000000000000000000000000000000,0.00000000000000000000000000000000000000000000000000000000000000000000000000000000,0.00000000000000000000000000000000000000000000000000000000000000000000000000000000,0.00000000000000000000000000000000000000000000000000000000000000000000000000000000,0.00000000000000000000000000000000000000000000000000000000000000000000000000000000,0.00000000000000000000000000000000000000000000000000000000000000000000000000000000,0.00000000000000000000000000000000000000000000000000000000000000000000000000000000,0.00000000000000000000000000000000000000000000000000000000000000000000000000000000,0.00000000000000000000000000000000000000000000000000000000000000000000000000000000,0.00000000000000000000000000000000000000000000000000000000000000000000000000000000,0.00000000000000000000000000000000000000000000000000000000000000000000000000000000,0.00000000000000000000000000000000000000000000000000000000000000000000000000000000,0.00000000000000000000000000000000000000000000000000000000000000000000000000000000,0.00000000000000000000000000000000000000000000000000000000000000000000000000000000,0.00000000000000000000000000000000000000000000000000000000000000000000000000000000,0.00000000000000000000000000000000000000000000000000000000000000000000000000000000
0.93587007425480330766872288061033171905189033483849167745970764278694949704651682,-0.27034618241925402492090689961010744995047081910949633563958738782392208539122442,0.00000000000000000000000000000000000000000000000000000000000000000000000000000000,0.00000000000000000000000000000000000000000000000000000000000000000000000000000000,0.00000000000000000000000000000000000000000000000000000000000000000000000000000000,0.00000000000000000000000000000000000000000000000000000000000000000000000000000000,0.00000000000000000000000000000000000000000000000000000000000000000000000000000000,0.00000000000000000000000000000000000000000000000000000000000000000000000000000000,0.00000000000000000000000000000000000000000000000000000000000000000000000000000000,0.00000000000000000000000000000000000000000000000000000000000000000000000000000000,0.00000000000000000000000000000000000000000000000000000000000000000000000000000000,0.00000000000000000000000000000000000000000000000000000000000000000000000000000000,0.76171240800847448497288061539929315290095678641447446188776638518395149217468288,-0.54333216354481008293363313833871429533311407497414958299398649462039792902903351,0.80941387568981552196949820267751909602391700480749529418295299069454973354028261,-0.19874261568619044826434969029175509618082884361126036602969149835577829717867027,0.37716475220676785684523379077409631159143028131142820605225364770854658293048168,0.00000000000000000000000000000000000000000000000000000000000000000000000000000000,0.00000000000000000000000000000000000000000000000000000000000000000000000000000000,0.00000000000000000000000000000000000000000000000000000000000000000000000000000000,0.00000000000000000000000000000000000000000000000000000000000000000000000000000000,0.00000000000000000000000000000000000000000000000000000000000000000000000000000000,0.00000000000000000000000000000000000000000000000000000000000000000000000000000000,0.00000000000000000000000000000000000000000000000000000000000000000000000000000000,0.00000000000000000000000000000000000000000000000000000000000000000000000000000000,0.00000000000000000000000000000000000000000000000000000000000000000000000000000000,0.00000000000000000000000000000000000000000000000000000000000000000000000000000000,0.00000000000000000000000000000000000000000000000000000000000000000000000000000000,0.00000000000000000000000000000000000000000000000000000000000000000000000000000000,0.00000000000000000000000000000000000000000000000000000000000000000000000000000000,0.00000000000000000000000000000000000000000000000000000000000000000000000000000000,0.00000000000000000000000000000000000000000000000000000000000000000000000000000000,0.00000000000000000000000000000000000000000000000000000000000000000000000000000000,0.00000000000000000000000000000000000000000000000000000000000000000000000000000000,0.00000000000000000000000000000000000000000000000000000000000000000000000000000000,0.00000000000000000000000000000000000000000000000000000000000000000000000000000000,0.00000000000000000000000000000000000000000000000000000000000000000000000000000000,0.00000000000000000000000000000000000000000000000000000000000000000000000000000000,0.00000000000000000000000000000000000000000000000000000000000000000000000000000000,0.00000000000000000000000000000000000000000000000000000000000000000000000000000000,0.00000000000000000000000000000000000000000000000000000000000000000000000000000000,0.00000000000000000000000000000000000000000000000000000000000000000000000000000000,0.00000000000000000000000000000000000000000000000000000000000000000000000000000000,0.00000000000000000000000000000000000000000000000000000000000000000000000000000000,0.00000000000000000000000000000000000000000000000000000000000000000000000000000000,0.01505030193882185995592800469826830888966758329721769772023861297447394642547586
0.79585009071657115107225536569897659497285049475866624837112979573507409002456722,0.05013848813599130783024889950147359850342514840103072325123664667268172089359749,0.00000000000000000000000000000000000000000000000000000000000000000000000000000000,0.00000000000000000000000000000000000000000000000000000000000000000000000000000000,0.00000000000000000000000000000000000000000000000000000000000000000000000000000000,0.00000000000000000000000000000000000000000000000000000000000000000000000000000000,0.00000000000000000000000000000000000000000000000000000000000000000000000000000000,0.00000000000000000000000000000000000000000000000000000000000000000000000000000000,0.00000000000000000000000000000000000000000000000000000000000000000000000000000000,0.00000000000000000000000000000000000000000000000000000000000000000000000000000000,0.00000000000000000000000000000000000000000000000000000000000000000000000000000000,0.00000000000000000000000000000000000000000000000000000000000000000000000000000000,0.03083139274786269197407892236808680663317915860077707811742319401952926617612921,0.25479341437514914858270441256641119323622096047667847565483851488325081218533151,0.12851084218304593946601934328342904961078088334128294859014665882260617570061732,0.27194569613745899234972626124495999543182316539403103481161776264985828967976778,0.05963025713706307086947752673461595155742117854486598794586701868714782538912471,0.00000000000000000000000000000000000000000000000000000000000000000000000000000000,0.00000000000000000000000000000000000000000000000000000000000000000000000000000000,0.00000000000000000000000000000000000000000000000000000000000000000000000000000000,0.00000000000000000000000000000000000000000000000000000000000000000000000000000000,0.00000000000000000000000000000000000000000000000000000000000000000000000000000000,0.00000000000000000000000000000000000000000000000000000000000000000000000000000000,0.00000000000000000000000000000000000000000000000000000000000000000000000000000000,0.00000000000000000000000000000000000000000000000000000000000000000000000000000000,0.00000000000000000000000000000000000000000000000000000000000000000000000000000000,0.00000000000000000000000000000000000000000000000000000000000000000000000000000000,0.00000000000000000000000000000000000000000000000000000000000000000000000000000000,0.00000000000000000000000000000000000000000000000000000000000000000000000000000000,0.00000000000000000000000000000000000000000000000000000000000000000000000000000000,0.00000000000000000000000000000000000000000000000000000000000000000000000000000000,0.00000000000000000000000000000000000000000000000000000000000000000000000000000000,0.00000000000000000000000000000000000000000000000000000000000000000000000000000000,0.00000000000000000000000000000000000000000000000000000000000000000000000000000000,0.00000000000000000000000000000000000000000000000000000000000000000000000000000000,0.00000000000000000000000000000000000000000000000000000000000000000000000000000000,0.00000000000000000000000000000000000000000000000000000000000000000000000000000000,0.00000000000000000000000000000000000000000000000000000000000000000000000000000000,0.00000000000000000000000000000000000000000000000000000000000000000000000000000000,0.00000000000000000000000000000000000000000000000000000000000000000000000000000000,0.00000000000000000000000000000000000000000000000000000000000000000000000000000000,0.00000000000000000000000000000000000000000000000000000000000000000000000000000000,0.00000000000000000000000000000000000000000000000000000000000000000000000000000000,0.00000000000000000000000000000000000000000000000000000000000000000000000000000000,0.00000000000000000000000000000000000000000000000000000000000000000000000000000000,0.02842689104029203039702005642564568098125924796713180078958350615737924026968788
0.60464960895123943438432863017267562764777270254334054944542334616106546182314422,0.00390560068593927594174821134872660378950478060544203732565530224292868873278425,0.00000000000000000000000000000000000000000000000000000000000000000000000000000000,0.00000000000000000000000000000000000000000000000000000000000000000000000000000000,0.00000000000000000000000000000000000000000000000000000000000000000000000000000000,0.00000000000000000000000000000000000000000000000000000000000000000000000000000000,0.00000000000000000000000000000000000000000000000000000000000000000000000000000000,0.00000000000000000000000000000000000000000000000000000000000000000000000000000000,0.00000000000000000000000000000000000000000000000000000000000000000000000000000000,0.00000000000000000000000000000000000000000000000000000000000000000000000000000000,0.00000000000000000000000000000000000000000000000000000000000000000000000000000000,0.00000000000000000000000000000000000000000000000000000000000000000000000000000000,0.13844772931372238536264358463039318372774109731331576169354954195777460611401532,0.12993406711488709075104029505147507724698739006272966747608127854776950559557241,0.25303457868959633274428202031463404074398372919548573271547827854103607635207805,0.08250146305574981783120433574677095672410876408825153487619107605822338197615545,-0.00317382990865546824658981691932423458455305872188418464153213118666679694745863,0.00000000000000000000000000000000000000000000000000000000000000000000000000000000,0.00000000000000000000000000000000000000000000000000000000000000000000000000000000,0.00000000000000000000000000000000000000000000000000000000000000000000000000000000,0.00000000000000000000000000000000000000000000000000000000000000000000000000000000,0.00000000000000000000000000000000000000000000000000000000000000000000000000000000,0.00000000000000000000000000000000000000000000000000000000000000000000000000000000,0.00000000000000000000000000000000000000000000000000000000000000000000000000000000,0.00000000000000000000000000000000000000000000000000000000000000000000000000000000,0.00000000000000000000000000000000000000000000000000000000000000000000000000000000,0.00000000000000000000000000000000000000000000000000000000000000000000000000000000,0.00000000000000000000000000000000000000000000000000000000000000000000000000000000,0.00000000000000000000000000000000000000000000000000000000000000000000000000000000,0.00000000000000000000000000000000000000000000000000000000000000000000000000000000,0.00000000000000000000000000000000000000000000000000000000000000000000000000000000,0.00000000000000000000000000000000000000000000000000000000000000000000000000000000,0.00000000000000000000000000000000000000000000000000000000000000000000000000000000,0.00000000000000000000000000000000000000000000000000000000000000000000000000000000,0.00000000000000000000000000000000000000000000000000000000000000000000000000000000,0.00000000000000000000000000000000000000000000000000000000000000000000000000000000,0.00000000000000000000000000000000000000000000000000000000000000000000000000000000,0.00000000000000000000000000000000000000000000000000000000000000000000000000000000,0.00000000000000000000000000000000000000000000000000000000000000000000000000000000,0.00000000000000000000000000000000000000000000000000000000000000000000000000000000,0.00000000000000000000000000000000000000000000000000000000000000000000000000000000,0.00000000000000000000000000000000000000000000000000000000000000000000000000000000,0.00000000000000000000000000000000000000000000000000000000000000000000000000000000,0.00000000000000000000000000000000000000000000000000000000000000000000000000000000,0.00000000000000000000000000000000000000000000000000000000000000000000000000000000,0.04124587946587038815670529714022097894838285725190849081559430587545281525215918
0.39535039104876056561567136982732437235222729745665945055457665383893453817686010,0.02672576040584592064598061573015010023867705345594388015700121078605910509852772,0.00000000000000000000000000000000000000000000000000000000000000000000000000000000,0.00000000000000000000000000000000000000000000000000000000000000000000000000000000,0.00000000000000000000000000000000000000000000000000000000000000000000000000000000,0.00000000000000000000000000000000000000000000000000000000000000000000000000000000,0.00000000000000000000000000000000000000000000000000000000000000000000000000000000,0.00000000000000000000000000000000000000000000000000000000000000000000000000000000,0.00000000000000000000000000000000000000000000000000000000000000000000000000000000,0.00000000000000000000000000000000000000000000000000000000000000000000000000000000,0.00000000000000000000000000000000000000000000000000000000000000000000000000000000,0.00000000000000000000000000000000000000000000000000000000000000000000000000000000,0.08301907695649323853265848866933926739866911622448766124266363488638844923585155,0.20435097728267302350743851780097559068746476527214634626291169412701014430740484,0.08676005867869147343013791560235932300504831104734701408829385857527172099911398,-0.00622195387399432440825515006326814923682567825720496227748951652222243605150599,0.00071647159905123390771098208776824025919372971393951108119577198642755458746635,0.00000000000000000000000000000000000000000000000000000000000000000000000000000000,0.00000000000000000000000000000000000000000000000000000000000000000000000000000000,0.00000000000000000000000000000000000000000000000000000000000000000000000000000000,0.00000000000000000000000000000000000000000000000000000000000000000000000000000000,0.00000000000000000000000000000000000000000000000000000000000000000000000000000000,0.00000000000000000000000000000000000000000000000000000000000000000000000000000000,0.00000000000000000000000000000000000000000000000000000000000000000000000000000000,0.00000000000000000000000000000000000000000000000000000000000000000000000000000000,0.00000000000000000000000000000000000000000000000000000000000000000000000000000000,0.00000000000000000000000000000000000000000000000000000000000000000000000000000000,0.00000000000000000000000000000000000000000000000000000000000000000000000000000000,0.00000000000000000000000000000000000000000000000000000000000000000000000000000000,0.00000000000000000000000000000000000000000000000000000000000000000000000000000000,0.00000000000000000000000000000000000000000000000000000000000000000000000000000000,0.00000000000000000000000000000000000000000000000000000000000000000000000000000000,0.00000000000000000000000000000000000000000000000000000000000000000000000000000000,0.00000000000000000000000000000000000000000000000000000000000000000000000000000000,0.00000000000000000000000000000000000000000000000000000000000000000000000000000000,0.00000000000000000000000000000000000000000000000000000000000000000000000000000000,0.00000000000000000000000000000000000000000000000000000000000000000000000000000000,0.00000000000000000000000000000000000000000000000000000000000000000000000000000000,0.00000000000000000000000000000000000000000000000000000000000000000000000000000000,0.00000000000000000000000000000000000000000000000000000000000000000000000000000000,0.00000000000000000000000000000000000000000000000000000000000000000000000000000000,0.00000000000000000000000000000000000000000000000000000000000000000000000000000000,0.00000000000000000000000000000000000000000000000000000000000000000000000000000000,0.00000000000000000000000000000000000000000000000000000000000000000000000000000000,0.00000000000000000000000000000000000000000000000000000000000000000000000000000000,0.05155734933233798519588162142527622368547857156488561351949288234431601906519911
0.20414990928342884892774463430102340502714950524133375162887020426492590997543278,0.01053945895524610214536610622943787007928930981311068473585175169942263696132416,0.00000000000000000000000000000000000000000000000000000000000000000000000000000000,0.00000000000000000000000000000000000000000000000000000000000000000000000000000000,0.00000000000000000000000000000000000000000000000000000000000000000000000000000000,0.00000000000000000000000000000000000000000000000000000000000000000000000000000000,0.00000000000000000000000000000000000000000000000000000000000000000000000000000000,0.00000000000000000000000000000000000000000000000000000000000000000000000000000000,0.00000000000000000000000000000000000000000000000000000000000000000000000000000000,0.00000000000000000000000000000000000000000000000000000000000000000000000000000000,0.00000000000000000000000000000000000000000000000000000000000000000000000000000000,0.00000000000000000000000000000000000000000000000000000000000000000000000000000000,0.12701480465573858246656140645451093489111605691934320602603702043561564499556388,0.07256508925755374678890906098611080906758544196304615006183343672998270818889475,-0.00730843439656736733259274803678067801275429214423530690674590875387922909589922,0.00155468861456963864975007335441295115666469683812679807395350769308312627696712,-0.00021569780311185379024926468666848215475170814805778036205960353929897735141741,0.00000000000000000000000000000000000000000000000000000000000000000000000000000000,0.00000000000000000000000000000000000000000000000000000000000000000000000000000000,0.00000000000000000000000000000000000000000000000000000000000000000000000000000000,0.00000000000000000000000000000000000000000000000000000000000000000000000000000000,0.00000000000000000000000000000000000000000000000000000000000000000000000000000000,0.00000000000000000000000000000000000000000000000000000000000000000000000000000000,0.00000000000000000000000000000000000000000000000000000000000000000000000000000000,0.00000000000000000000000000000000000000000000000000000000000000000000000000000000,0.00000000000000000000000000000000000000000000000000000000000000000000000000000000,0.00000000000000000000000000000000000000000000000000000000000000000000000000000000,0.00000000000000000000000000000000000000000000000000000000000000000000000000000000,0.00000000000000000000000000000000000000000000000000000000000000000000000000000000,0.00000000000000000000000000000000000000000000000000000000000000000000000000000000,0.00000000000000000000000000000000000000000000000000000000000000000000000000000000,0.00000000000000000000000000000000000000000000000000000000000000000000000000000000,0.00000000000000000000000000000000000000000000000000000000000000000000000000000000,0.00000000000000000000000000000000000000000000000000000000000000000000000000000000,0.00000000000000000000000000000000000000000000000000000000000000000000000000000000,0.00000000000000000000000000000000000000000000000000000000000000000000000000000000,0.00000000000000000000000000000000000000000000000000000000000000000000000000000000,0.00000000000000000000000000000000000000000000000000000000000000000000000000000000,0.00000000000000000000000000000000000000000000000000000000000000000000000000000000,0.00000000000000000000000000000000000000000000000000000000000000000000000000000000,0.00000000000000000000000000000000000000000000000000000000000000000000000000000000,0.00000000000000000000000000000000000000000000000000000000000000000000000000000000,0.00000000000000000000000000000000000000000000000000000000000000000000000000000000,0.00000000000000000000000000000000000000000000000000000000000000000000000000000000,0.00000000000000000000000000000000000000000000000000000000000000000000000000000000,0.05685378208058406079404011285129136196251849593426360157916701231475848053937576
0.06412992574519669233127711938966828094810966516150832254029235721305050295350045,0.02572927485445292272253523041117509931160560605855201966167711233883460149156864,0.00000000000000000000000000000000000000000000000000000000000000000000000000000000,0.00000000000000000000000000000000000000000000000000000000000000000000000000000000,0.00000000000000000000000000000000000000000000000000000000000000000000000000000000,0.00000000000000000000000000000000000000000000000000000000000000000000000000000000,0.00000000000000000000000000000000000000000000000000000000000000000000000000000000,0.00000000000000000000000000000000000000000000000000000000000000000000000000000000,0.00000000000000000000000000000000000000000000000000000000000000000000000000000000,0.00000000000000000000000000000000000000000000000000000000000000000000000000000000,0.00000000000000000000000000000000000000000000000000000000000000000000000000000000,0.00000000000000000000000000000000000000000000000000000000000000000000000000000000,0.04256478616180800646881734749508767313718791521674070011786333615154944727223245,-0.00540395938182489329935542966838279336252257378852572744164614867605381569955704,0.00158275227304051927369873180865518864925421598505381122990366654383412229080510,-0.00040294149870685633781253619273059181332441743154382043891823438549322502037117,0.00006001333642699350339377553586370502590891912123133941141262524037937261882174,0.00000000000000000000000000000000000000000000000000000000000000000000000000000000,0.00000000000000000000000000000000000000000000000000000000000000000000000000000000,0.00000000000000000000000000000000000000000000000000000000000000000000000000000000,0.00000000000000000000000000000000000000000000000000000000000000000000000000000000,0.00000000000000000000000000000000000000000000000000000000000000000000000000000000,0.00000000000000000000000000000000000000000000000000000000000000000000000000000000,0.00000000000000000000000000000000000000000000000000000000000000000000000000000000,0.00000000000000000000000000000000000000000000000000000000000000000000000000000000,0.00000000000000000000000000000000000000000000000000000000000000000000000000000000,0.00000000000000000000000000000000000000000000000000000000000000000000000000000000,0.00000000000000000000000000000000000000000000000000000000000000000000000000000000,0.00000000000000000000000000000000000000000000000000000000000000000000000000000000,0.00000000000000000000000000000000000000000000000000000000000000000000000000000000,0.00000000000000000000000000000000000000000000000000000000000000000000000000000000,0.00000000000000000000000000000000000000000000000000000000000000000000000000000000,0.00000000000000000000000000000000000000000000000000000000000000000000000000000000,0.00000000000000000000000000000000000000000000000000000000000000000000000000000000,0.00000000000000000000000000000000000000000000000000000000000000000000000000000000,0.00000000000000000000000000000000000000000000000000000000000000000000000000000000,0.00000000000000000000000000000000000000000000000000000000000000000000000000000000,0.00000000000000000000000000000000000000000000000000000000000000000000000000000000,0.00000000000000000000000000000000000000000000000000000000000000000000000000000000,0.00000000000000000000000000000000000000000000000000000000000000000000000000000000,0.00000000000000000000000000000000000000000000000000000000000000000000000000000000,0.00000000000000000000000000000000000000000000000000000000000000000000000000000000,0.00000000000000000000000000000000000000000000000000000000000000000000000000000000,0.00000000000000000000000000000000000000000000000000000000000000000000000000000000,0.00000000000000000000000000000000000000000000000000000000000000000000000000000000,0.05267605678587650984574801644393908111383654154026194202083514541065881248909677
0.93587007425480330766872288061033171905189033483849167745970764278694949704651682,1.69561418059504349712150446570763404166652619437374227785843101742190496307215096,0.00000000000000000000000000000000000000000000000000000000000000000000000000000000,0.00000000000000000000000000000000000000000000000000000000000000000000000000000000,0.00000000000000000000000000000000000000000000000000000000000000000000000000000000,0.00000000000000000000000000000000000000000000000000000000000000000000000000000000,0.00000000000000000000000000000000000000000000000000000000000000000000000000000000,0.00000000000000000000000000000000000000000000000000000000000000000000000000000000,0.00000000000000000000000000000000000000000000000000000000000000000000000000000000,0.00000000000000000000000000000000000000000000000000000000000000000000000000000000,0.00000000000000000000000000000000000000000000000000000000000000000000000000000000,0.00000000000000000000000000000000000000000000000000000000000000000000000000000000,-4.57027444805084690983728369239575891740574071848684677132659831110370895307321128,3.25999298126886049760179883003228577199868444984489749796391896772238757420926390,-4.85648325413889313181698921606511457614350202884497176509771794416729840148039936,1.19245569411714268958609814175053057708497306166756219617814899013466978322836648,-2.26298851324060714107140274464457786954858168786856923631352188625127949758430642,0.30623239750113556892023611510757356779685579078183359414584601787461168742487025,1.39976322662731067014410422144277784483386694068435680698219787245649765828603420,1.25015337794270827798959804048828756582361248120211142764216363712986433489118062,1.62620904235350806635389658312343239028021253644467653901884091181750548535580155,1.03216328809257424378810786871276516414651956386316538472690136967616954972073935,0.86303210118686697888905426735049615851846375117653372568109700007562531299599203,0.00000000000000000000000000000000000000000000000000000000000000000000000000000000,0.00000000000000000000000000000000000000000000000000000000000000000000000000000000,0.00000000000000000000000000000000000000000000000000000000000000000000000000000000,0.00000000000000000000000000000000000000000000000000000000000000000000000000000000,0.00000000000000000000000000000000000000000000000000000000000000000000000000000000,0.00000000000000000000000000000000000000000000000000000000000000000000000000000000,0.00000000000000000000000000000000000000000000000000000000000000000000000000000000,0.00000000000000000000000000000000000000000000000000000000000000000000000000000000,0.00000000000000000000000000000000000000000000000000000000000000000000000000000000,0.00000000000000000000000000000000000000000000000000000000000000000000000000000000,0.00000000000000000000000000000000000000000000000000000000000000000000000000000000,0.00000000000000000000000000000000000000000000000000000000000000000000000000000000,0.00000000000000000000000000000000000000000000000000000000000000000000000000000000,0.00000000000000000000000000000000000000000000000000000000000000000000000000000000,0.00000000000000000000000000000000000000000000000000000000000000000000000000000000,0.00000000000000000000000000000000000000000000000000000000000000000000000000000000,0.00000000000000000000000000000000000000000000000000000000000000000000000000000000,0.00000000000000000000000000000000000000000000000000000000000000000000000000000000,0.00000000000000000000000000000000000000000000000000000000000000000000000000000000,0.00000000000000000000000000000000000000000000000000000000000000000000000000000000,0.00000000000000000000000000000000000000000000000000000000000000000000000000000000,0.00000000000000000000000000000000000000000000000000000000000000000000000000000000,0.01505030193882185995592800469826830888966758329721769772023861297447394642547586
0.79585009071657115107225536569897659497285049475866624837112979573507409002456722,-0.10888157440835315470800988510527009186973301728246827023994849481758511887060433,0.00000000000000000000000000000000000000000000000000000000000000000000000000000000,0.00000000000000000000000000000000000000000000000000000000000000000000000000000000,0.00000000000000000000000000000000000000000000000000000000000000000000000000000000,0.00000000000000000000000000000000000000000000000000000000000000000000000000000000,0.00000000000000000000000000000000000000000000000000000000000000000000000000000000,0.00000000000000000000000000000000000000000000000000000000000000000000000000000000,0.00000000000000000000000000000000000000000000000000000000000000000000000000000000,0.00000000000000000000000000000000000000000000000000000000000000000000000000000000,0.00000000000000000000000000000000000000000000000000000000000000000000000000000000,0.00000000000000000000000000000000000000000000000000000000000000000000000000000000,-0.15415696373931345987039461184043403316589579300388539058711597009764633084917452,-1.27396707187574574291352206283205596618110480238339237827419257441625406095718207,-0.64255421091522969733009671641714524805390441670641474295073329411303087835634084,-1.35972848068729496174863130622479997715911582697015517405808881324929144849615556,-0.29815128568531535434738763367307975778710589272432993972933509343573912694573745,-0.02477013062922112513668953654259159273608706438776438623958351979309744418839529,0.45811261015382797571778958709019368623409503483694384278393168226139775342808693,1.41802393316318800523595126330435242226956966021320436944609851504005517053622920,1.09782212532378410460453016449889590986067575735410186089427681995850636021226885,1.13763374356609687604075769324163131155691306873079476716325619907101975504344274,0.54646739645014768552795841019927993200454378708203169016256433932673945946813443,0.00000000000000000000000000000000000000000000000000000000000000000000000000000000,0.00000000000000000000000000000000000000000000000000000000000000000000000000000000,0.00000000000000000000000000000000000000000000000000000000000000000000000000000000,0.00000000000000000000000000000000000000000000000000000000000000000000000000000000,0.00000000000000000000000000000000000000000000000000000000000000000000000000000000,0.00000000000000000000000000000000000000000000000000000000000000000000000000000000,0.00000000000000000000000000000000000000000000000000000000000000000000000000000000,0.00000000000000000000000000000000000000000000000000000000000000000000000000000000,0.00000000000000000000000000000000000000000000000000000000000000000000000000000000,0.00000000000000000000000000000000000000000000000000000000000000000000000000000000,0.00000000000000000000000000000000000000000000000000000000000000000000000000000000,0.00000000000000000000000000000000000000000000000000000000000000000000000000000000,0.00000000000000000000000000000000000000000000000000000000000000000000000000000000,0.00000000000000000000000000000000000000000000000000000000000000000000000000000000,0.00000000000000000000000000000000000000000000000000000000000000000000000000000000,0.00000000000000000000000000000000000000000000000000000000000000000000000000000000,0.00000000000000000000000000000000000000000000000000000000000000000000000000000000,0.00000000000000000000000000000000000000000000000000000000000000000000000000000000,0.00000000000000000000000000000000000000000000000000000000000000000000000000000000,0.00000000000000000000000000000000000000000000000000000000000000000000000000000000,0.00000000000000000000000000000000000000000000000000000000000000000000000000000000,0.00000000000000000000000000000000000000000000000000000000000000000000000000000000,0.02842689104029203039702005642564568098125924796713180078958350615737924026968788
0.60464960895123943438432863017267562764777270254334054944542334616106546182314422,0.04739012934655242911988480550187702761617665369166559673837428605193488884925475,0.00000000000000000000000000000000000000000000000000000000000000000000000000000000,0.00000000000000000000000000000000000000000000000000000000000000000000000000000000,0.00000000000000000000000000000000000000000000000000000000000000000000000000000000,0.00000000000000000000000000000000000000000000000000000000000000000000000000000000,0.00000000000000000000000000000000000000000000000000000000000000000000000000000000,0.00000000000000000000000000000000000000000000000000000000000000000000000000000000,0.00000000000000000000000000000000000000000000000000000000000000000000000000000000,0.00000000000000000000000000000000000000000000000000000000000000000000000000000000,0.00000000000000000000000000000000000000000000000000000000000000000000000000000000,0.00000000000000000000000000000000000000000000000000000000000000000000000000000000,-0.55379091725488954145057433852157273491096438925326304677419816783109842448102843,-0.51973626845954836300416118020590030898794956025091866990432511419107802236249555,-1.01213831475838533097712808125853616297593491678194293086191311416414430549667747,-0.33000585222299927132481734298708382689643505635300613950476430423289352784204411,0.01269531963462187298635926767729693833821223488753673856612852474666718779219231,0.00677346894498379343749217188406174876281799679146674026595606039876376453543550,-0.04330499067626456026120414715133965668844542222608200273993690450929609483705627,0.47093063618052270910167335710990509399764285850599899233778596630030304773462040,1.17582015993182004012311161368704201805437128949658985231071051149527008639530138,0.75662515485999894218371938440738082421692324264635908078346686061676062278467594,0.59339108342482671444997312002954466712135777138893633822813874147987623875094990,0.00000000000000000000000000000000000000000000000000000000000000000000000000000000,0.00000000000000000000000000000000000000000000000000000000000000000000000000000000,0.00000000000000000000000000000000000000000000000000000000000000000000000000000000,0.00000000000000000000000000000000000000000000000000000000000000000000000000000000,0.00000000000000000000000000000000000000000000000000000000000000000000000000000000,0.00000000000000000000000000000000000000000000000000000000000000000000000000000000,0.00000000000000000000000000000000000000000000000000000000000000000000000000000000,0.00000000000000000000000000000000000000000000000000000000000000000000000000000000,0.00000000000000000000000000000000000000000000000000000000000000000000000000000000,0.00000000000000000000000000000000000000000000000000000000000000000000000000000000,0.00000000000000000000000000000000000000000000000000000000000000000000000000000000,0.00000000000000000000000000000000000000000000000000000000000000000000000000000000,0.00000000000000000000000000000000000000000000000000000000000000000000000000000000,0.00000000000000000000000000000000000000000000000000000000000000000000000000000000,0.00000000000000000000000000000000000000000000000000000000000000000000000000000000,0.00000000000000000000000000000000000000000000000000000000000000000000000000000000,0.00000000000000000000000000000000000000000000000000000000000000000000000000000000,0.00000000000000000000000000000000000000000000000000000000000000000000000000000000,0.00000000000000000000000000000000000000000000000000000000000000000000000000000000,0.00000000000000000000000000000000000000000000000000000000000000000000000000000000,0.00000000000000000000000000000000000000000000000000000000000000000000000000000000,0.00000000000000000000000000000000000000000000000000000000000000000000000000000000,0.04124587946587038815670529714022097894838285725190849081559430587545281525215918
0.39535039104876056561567136982732437235222729745665945055457665383893453817686010,0.01226983596735746889541317494926580220746936159856421983905711448004582682046700,0.00000000000000000000000000000000000000000000000000000000000000000000000000000000,0.00000000000000000000000000000000000000000000000000000000000000000000000000000000,0.00000000000000000000000000000000000000000000000000000000000000000000000000000000,0.00000000000000000000000000000000000000000000000000000000000000000000000000000000,0.00000000000000000000000000000000000000000000000000000000000000000000000000000000,0.00000000000000000000000000000000000000000000000000000000000000000000000000000000,0.00000000000000000000000000000000000000000000000000000000000000000000000000000000,0.00000000000000000000000000000000000000000000000000000000000000000000000000000000,0.00000000000000000000000000000000000000000000000000000000000000000000000000000000,0.00000000000000000000000000000000000000000000000000000000000000000000000000000000,-0.24905723086947971559797546600801780219600734867346298372799090465916534768372746,-0.61305293184801907052231555340292677206239429581643903878873508238103043293888879,-0.26028017603607442029041374680707796901514493314204104226488157572581516294604958,0.01866586162198297322476545018980444771047703477161488683246854956666730811637632,-0.00214941479715370172313294626330472077758118914181853324358731595928266376572797,-0.00225176075885176986910648536453524596966253315455004070022285902095618491230494,0.01198661182524869683182320424816455503159832027804636408008207783130184214030385,-0.04430996719947684039295477671664260690441131513053063696525372025858833539676523,0.37674450894441816728133868568792407519811428680479919387022877304024243818759441,0.78184802676178125668712731437799519804606332580805841138510225283693006844589687,0.36493702743702752109110251493667541108370658325441865023830934408858518210969567,0.00000000000000000000000000000000000000000000000000000000000000000000000000000000,0.00000000000000000000000000000000000000000000000000000000000000000000000000000000,0.00000000000000000000000000000000000000000000000000000000000000000000000000000000,0.00000000000000000000000000000000000000000000000000000000000000000000000000000000,0.00000000000000000000000000000000000000000000000000000000000000000000000000000000,0.00000000000000000000000000000000000000000000000000000000000000000000000000000000,0.00000000000000000000000000000000000000000000000000000000000000000000000000000000,0.00000000000000000000000000000000000000000000000000000000000000000000000000000000,0.00000000000000000000000000000000000000000000000000000000000000000000000000000000,0.00000000000000000000000000000000000000000000000000000000000000000000000000000000,0.00000000000000000000000000000000000000000000000000000000000000000000000000000000,0.00000000000000000000000000000000000000000000000000000000000000000000000000000000,0.00000000000000000000000000000000000000000000000000000000000000000000000000000000,0.00000000000000000000000000000000000000000000000000000000000000000000000000000000,0.00000000000000000000000000000000000000000000000000000000000000000000000000000000,0.00000000000000000000000000000000000000000000000000000000000000000000000000000000,0.00000000000000000000000000000000000000000000000000000000000000000000000000000000,0.00000000000000000000000000000000000000000000000000000000000000000000000000000000,0.00000000000000000000000000000000000000000000000000000000000000000000000000000000,0.00000000000000000000000000000000000000000000000000000000000000000000000000000000,0.00000000000000000000000000000000000000000000000000000000000000000000000000000000,0.00000000000000000000000000000000000000000000000000000000000000000000000000000000,0.05155734933233798519588162142527622368547857156488561351949288234431601906519911
0.20414990928342884892774463430102340502714950524133375162887020426492590997543278,0.01515850609656324634479333848293245237486787515529310037732198447110012613698861,0.00000000000000000000000000000000000000000000000000000000000000000000000000000000,0.00000000000000000000000000000000000000000000000000000000000000000000000000000000,0.00000000000000000000000000000000000000000000000000000000000000000000000000000000,0.00000000000000000000000000000000000000000000000000000000000000000000000000000000,0.00000000000000000000000000000000000000000000000000000000000000000000000000000000,0.00000000000000000000000000000000000000000000000000000000000000000000000000000000,0.00000000000000000000000000000000000000000000000000000000000000000000000000000000,0.00000000000000000000000000000000000000000000000000000000000000000000000000000000,0.00000000000000000000000000000000000000000000000000000000000000000000000000000000,0.00000000000000000000000000000000000000000000000000000000000000000000000000000000,-0.25402960931147716493312281290902186978223211383868641205207404087123129000484200,-0.14513017851510749357781812197222161813517088392609230012366687345996541636792699,0.01461686879313473466518549607356135602550858428847061381349181750775845816760975,-0.00310937722913927729950014670882590231332939367625359614790701538616625253507470,0.00043139560622370758049852937333696430950341629611556072411920707859795470562440,0.00071949664238781430778755936742299194197599709960839650311277576537492256258371,-0.00356140448636331944544640238776482668721864238559639794055356013125498122868040,0.01086995289617734758028720875579416910336705953790239370785512069906319963820536,-0.03141659816355175779936900845078896671700405076430078441021361193475950746719963,0.22905630507691398785889479354509684311704751741847192139196584113069887670520003,0.37054455187766702364555420113150181178983414003640125578541855939570981966294541,0.00000000000000000000000000000000000000000000000000000000000000000000000000000000,0.00000000000000000000000000000000000000000000000000000000000000000000000000000000,0.00000000000000000000000000000000000000000000000000000000000000000000000000000000,0.00000000000000000000000000000000000000000000000000000000000000000000000000000000,0.00000000000000000000000000000000000000000000000000000000000000000000000000000000,0.00000000000000000000000000000000000000000000000000000000000000000000000000000000,0.00000000000000000000000000000000000000000000000000000000000000000000000000000000,0.00000000000000000000000000000000000000000000000000000000000000000000000000000000,0.00000000000000000000000000000000000000000000000000000000000000000000000000000000,0.00000000000000000000000000000000000000000000000000000000000000000000000000000000,0.00000000000000000000000000000000000000000000000000000000000000000000000000000000,0.00000000000000000000000000000000000000000000000000000000000000000000000000000000,0.00000000000000000000000000000000000000000000000000000000000000000000000000000000,0.00000000000000000000000000000000000000000000000000000000000000000000000000000000,0.00000000000000000000000000000000000000000000000000000000000000000000000000000000,0.00000000000000000000000000000000000000000000000000000000000000000000000000000000,0.00000000000000000000000000000000000000000000000000000000000000000000000000000000,0.00000000000000000000000000000000000000000000000000000000000000000000000000000000,0.00000000000000000000000000000000000000000000000000000000000000000000000000000000,0.00000000000000000000000000000000000000000000000000000000000000000000000000000000,0.00000000000000000000000000000000000000000000000000000000000000000000000000000000,0.00000000000000000000000000000000000000000000000000000000000000000000000000000000,0.05685378208058406079404011285129136196251849593426360157916701231475848053937576
0.06412992574519669233127711938966828094810966516150832254029235721305050295350045,0.02468870055139869225001817871825651727019402830808676204663526181020184115631871,0.00000000000000000000000000000000000000000000000000000000000000000000000000000000,0.00000000000000000000000000000000000000000000000000000000000000000000000000000000,0.00000000000000000000000000000000000000000000000000000000000000000000000000000000,0.00000000000000000000000000000000000000000000000000000000000000000000000000000000,0.00000000000000000000000000000000000000000000000000000000000000000000000000000000,0.00000000000000000000000000000000000000000000000000000000000000000000000000000000,0.00000000000000000000000000000000000000000000000000000000000000000000000000000000,0.00000000000000000000000000000000000000000000000000000000000000000000000000000000,0.00000000000000000000000000000000000000000000000000000000000000000000000000000000,0.00000000000000000000000000000000000000000000000000000000000000000000000000000000,-0.04256478616180800646881734749508767313718791521674070011786333615154944726758997,0.00540395938182489329935542966838279336252257378852572744164614867605381569616505,-0.00158275227304051927369873180865518864925421598505381122990366654383412228386815,0.00040294149870685633781253619273059181332441743154382043891823438549322501476510,-0.00006001333642699350339377553586370502590891912123133941141262524037937261998380,-0.00016208748131309744245201061009972083564347703224758211125856123611483946011556,0.00077655974668545139125187055191147291562831197002928548520331070246233489107573,-0.00220393900266465053538062424935584695174641781471862326217922750882610611028216,0.00530369394972488671420238887899829560402498638237759195663547389006246253487239,-0.01336732184250098298625968495228456050265964777244383559494180353469405642921626,0.08749497071461016254863889003073530508481594022338102689881314796417476783135975,0.00000000000000000000000000000000000000000000000000000000000000000000000000000000,0.00000000000000000000000000000000000000000000000000000000000000000000000000000000,0.00000000000000000000000000000000000000000000000000000000000000000000000000000000,0.00000000000000000000000000000000000000000000000000000000000000000000000000000000,0.00000000000000000000000000000000000000000000000000000000000000000000000000000000,0.00000000000000000000000000000000000000000000000000000000000000000000000000000000,0.00000000000000000000000000000000000000000000000000000000000000000000000000000000,0.00000000000000000000000000000000000000000000000000000000000000000000000000000000,0.00000000000000000000000000000000000000000000000000000000000000000000000000000000,0.00000000000000000000000000000000000000000000000000000000000000000000000000000000,0.00000000000000000000000000000000000000000000000000000000000000000000000000000000,0.00000000000000000000000000000000000000000000000000000000000000000000000000000000,0.00000000000000000000000000000000000000000000000000000000000000000000000000000000,0.00000000000000000000000000000000000000000000000000000000000000000000000000000000,0.00000000000000000000000000000000000000000000000000000000000000000000000000000000,0.00000000000000000000000000000000000000000000000000000000000000000000000000000000,0.00000000000000000000000000000000000000000000000000000000000000000000000000000000,0.00000000000000000000000000000000000000000000000000000000000000000000000000000000,0.00000000000000000000000000000000000000000000000000000000000000000000000000000000,0.00000000000000000000000000000000000000000000000000000000000000000000000000000000,0.00000000000000000000000000000000000000000000000000000000000000000000000000000000,0.00000000000000000000000000000000000000000000000000000000000000000000000000000000,0.05267605678587650984574801644393908111383654154026194202083514541065881248909677
0.93587007425480330766872288061033171905189033483849167745970764278694949704651682,-0.27034618241925402492090689961010744995047081910949633563958738782392208539172532,0.00000000000000000000000000000000000000000000000000000000000000000000000000000000,0.00000000000000000000000000000000000000000000000000000000000000000000000000000000,0.00000000000000000000000000000000000000000000000000000000000000000000000000000000,0.00000000000000000000000000000000000000000000000000000000000000000000000000000000,0.00000000000000000000000000000000000000000000000000000000000000000000000000000000,0.00000000000000000000000000000000000000000000000000000000000000000000000000000000,0.00000000000000000000000000000000000000000000000000000000000000000000000000000000,0.00000000000000000000000000000000000000000000000000000000000000000000000000000000,0.00000000000000000000000000000000000000000000000000000000000000000000000000000000,0.00000000000000000000000000000000000000000000000000000000000000000000000000000000,0.76171240800847448497288061539929315290095678641447446188776638518395149217577968,-0.54333216354481008293363313833871429533311407497414958299398649462039792903009576,0.80941387568981552196949820267751909602391700480749529418295299069454973354100805,-0.19874261568619044826434969029175509618082884361126036602969149835577829717894878,0.37716475220676785684523379077409631159143028131142820605225364770854658293053350,-0.04256478616180800646881734749508767313718791521674070011786333615154944727170888,-0.23990455654176056637633265161895149446593262560491437535862762140088725100225620,-0.22751668740164720622817975618071657730838036287364261137585346352982877267841202,-0.47427606260072936102279411471348268076214216611316049010741363590825494501640147,-0.11646818061545821122771496819868690446411655321837099873021248770147174815187620,-2.66599342802966069740508215389752603515334875245066061660718234814383022246909194,0.04256478616180800646881734749508767313718791521674070011786333615154944727170888,0.23990455654176056637633265161895149446593262560491437535862762140088725100225620,0.22751668740164720622817975618071657730838036287364261137585346352982877267841202,0.47427606260072936102279411471348268076214216611316049010741363590825494501640147,0.11646818061545821122771496819868690446411655321837099873021248770147174815187620,2.66599342802966069740508215389752603515334875245066061660718234814383022246909194,0.00000000000000000000000000000000000000000000000000000000000000000000000000000000,0.00000000000000000000000000000000000000000000000000000000000000000000000000000000,0.00000000000000000000000000000000000000000000000000000000000000000000000000000000,0.00000000000000000000000000000000000000000000000000000000000000000000000000000000,0.00000000000000000000000000000000000000000000000000000000000000000000000000000000,0.00000000000000000000000000000000000000000000000000000000000000000000000000000000,0.00000000000000000000000000000000000000000000000000000000000000000000000000000000,0.00000000000000000000000000000000000000000000000000000000000000000000000000000000,0.00000000000000000000000000000000000000000000000000000000000000000000000000000000,0.00000000000000000000000000000000000000000000000000000000000000000000000000000000,0.00000000000000000000000000000000000000000000000000000000000000000000000000000000,0.00000000000000000000000000000000000000000000000000000000000000000000000000000000,0.00000000000000000000000000000000000000000000000000000000000000000000000000000000,0.00000000000000000000000000000000000000000000000000000000000000000000000000000000,0.00000000000000000000000000000000000000000000000000000000000000000000000000000000,0.00000000000000000000000000000000000000000000000000000000000000000000000000000000,0.01505030193882185995592800469826830888966758329721769772023861297447394642547586
0.79585009071657115107225536569897659497285049475866624837112979573507409002456722,0.05013848813599130783024889950147359850342514840103072325123664667268172088988016,0.00000000000000000000000000000000000000000000000000000000000000000000000000000000,0.00000000000000000000000000000000000000000000000000000000000000000000000000000000,0.00000000000000000000000000000000000000000000000000000000000000000000000000000000,0.00000000000000000000000000000000000000000000000000000000000000000000000000000000,0.00000000000000000000000000000000000000000000000000000000000000000000000000000000,0.00000000000000000000000000000000000000000000000000000000000000000000000000000000,0.00000000000000000000000000000000000000000000000000000000000000000000000000000000,0.00000000000000000000000000000000000000000000000000000000000000000000000000000000,0.00000000000000000000000000000000000000000000000000000000000000000000000000000000,0.00000000000000000000000000000000000000000000000000000000000000000000000000000000,0.03083139274786269197407892236808680663317915860077707811742319401952926618327483,0.25479341437514914858270441256641119323622096047667847565483851488325081217999435,0.12851084218304593946601934328342904961078088334128294859014665882260617570322545,0.27194569613745899234972626124495999543182316539403103481161776264985828967892144,0.05963025713706307086947752673461595155742117854486598794586701868714782538926721,0.00286106631380531907395647072264880130575752932355218702682705206936534634625587,-0.07256508925755374678890906098611080906758544196304615006183343672998270818542841,-0.29650220158747833915030900810413864733222845530307066907500790701847237971794317,-0.23565911864644285352473684733432555304203866200073236940942941280654018320096316,-0.50958682875029829716540882513282238647244192095335695130967702976650162429551971,1.00681414157858391249599748531112589776993767333370283064377420862263392317733827,-0.00286106631380531907395647072264880130575752932355218702682705206936534634625587,0.07256508925755374678890906098611080906758544196304615006183343672998270818542841,0.29650220158747833915030900810413864733222845530307066907500790701847237971794317,0.23565911864644285352473684733432555304203866200073236940942941280654018320096316,0.50958682875029829716540882513282238647244192095335695130967702976650162429551971,-1.00681414157858391249599748531112589776993767333370283064377420862263392317733827,0.00000000000000000000000000000000000000000000000000000000000000000000000000000000,0.00000000000000000000000000000000000000000000000000000000000000000000000000000000,0.00000000000000000000000000000000000000000000000000000000000000000000000000000000,0.00000000000000000000000000000000000000000000000000000000000000000000000000000000,0.00000000000000000000000000000000000000000000000000000000000000000000000000000000,0.00000000000000000000000000000000000000000000000000000000000000000000000000000000,0.00000000000000000000000000000000000000000000000000000000000000000000000000000000,0.00000000000000000000000000000000000000000000000000000000000000000000000000000000,0.00000000000000000000000000000000000000000000000000000000000000000000000000000000,0.00000000000000000000000000000000000000000000000000000000000000000000000000000000,0.00000000000000000000000000000000000000000000000000000000000000000000000000000000,0.00000000000000000000000000000000000000000000000000000000000000000000000000000000,0.00000000000000000000000000000000000000000000000000000000000000000000000000000000,0.00000000000000000000000000000000000000000000000000000000000000000000000000000000,0.00000000000000000000000000000000000000000000000000000000000000000000000000000000,0.00000000000000000000000000000000000000000000000000000000000000000000000000000000,0.02842689104029203039702005642564568098125924796713180078958350615737924026968788
0.60464960895123943438432863017267562764777270254334054944542334616106546182314422,0.00390560068593927594174821134872660378950478060544203732565530224292868873311027,0.00000000000000000000000000000000000000000000000000000000000000000000000000000000,0.00000000000000000000000000000000000000000000000000000000000000000000000000000000,0.00000000000000000000000000000000000000000000000000000000000000000000000000000000,0.00000000000000000000000000000000000000000000000000000000000000000000000000000000,0.00000000000000000000000000000000000000000000000000000000000000000000000000000000,0.00000000000000000000000000000000000000000000000000000000000000000000000000000000,0.00000000000000000000000000000000000000000000000000000000000000000000000000000000,0.00000000000000000000000000000000000000000000000000000000000000000000000000000000,0.00000000000000000000000000000000000000000000000000000000000000000000000000000000,0.00000000000000000000000000000000000000000000000000000000000000000000000000000000,0.13844772931372238536264358463039318372774109731331576169354954195777460611340647,0.12993406711488709075104029505147507724698739006272966747608127854776950559600638,0.25303457868959633274428202031463404074398372919548573271547827854103607635185783,0.08250146305574981783120433574677095672410876408825153487619107605822338197622993,-0.00317382990865546824658981691932423458455305872188418464153213118666679694747161,-0.00057753404490568435738555037463753744837899941315634521534717786131072905349856,0.00503701390191605237811375213768206841819181599443370499915810272853386005521828,-0.08676005867869147343013791560235932300504831104734701408829385857527172100471346,-0.31629322336199541593035252539329255092997966149435716589434784817629509542568703,-0.17714078378454676059803021355391932355489838376862764363434799716719428176121849,-1.03372098816303841437151136359761895241951854058772609924905115643036921160169816,0.00057753404490568435738555037463753744837899941315634521534717786131072905349856,-0.00503701390191605237811375213768206841819181599443370499915810272853386005521828,0.08676005867869147343013791560235932300504831104734701408829385857527172100471346,0.31629322336199541593035252539329255092997966149435716589434784817629509542568703,0.17714078378454676059803021355391932355489838376862764363434799716719428176121849,1.03372098816303841437151136359761895241951854058772609924905115643036921160169816,0.00000000000000000000000000000000000000000000000000000000000000000000000000000000,0.00000000000000000000000000000000000000000000000000000000000000000000000000000000,0.00000000000000000000000000000000000000000000000000000000000000000000000000000000,0.00000000000000000000000000000000000000000000000000000000000000000000000000000000,0.00000000000000000000000000000000000000000000000000000000000000000000000000000000,0.00000000000000000000000000000000000000000000000000000000000000000000000000000000,0.00000000000000000000000000000000000000000000000000000000000000000000000000000000,0.00000000000000000000000000000000000000000000000000000000000000000000000000000000,0.00000000000000000000000000000000000000000000000000000000000000000000000000000000,0.00000000000000000000000000000000000000000000000000000000000000000000000000000000,0.00000000000000000000000000000000000000000000000000000000000000000000000000000000,0.00000000000000000000000000000000000000000000000000000000000000000000000000000000,0.00000000000000000000000000000000000000000000000000000000000000000000000000000000,0.00000000000000000000000000000000000000000000000000000000000000000000000000000000,0.00000000000000000000000000000000000000000000000000000000000000000000000000000000,0.00000000000000000000000000000000000000000000000000000000000000000000000000000000,0.04124587946587038815670529714022097894838285725190849081559430587545281525215918
0.39535039104876056561567136982732437235222729745665945055457665383893453817686010,0.02672576040584592064598061573015010023867705345594388015700121078605910509846619,0.00000000000000000000000000000000000000000000000000000000000000000000000000000000,0.00000000000000000000000000000000000000000000000000000000000000000000000000000000,0.00000000000000000000000000000000000000000000000000000000000000000000000000000000,0.00000000000000000000000000000000000000000000000000000000000000000000000000000000,0.00000000000000000000000000000000000000000000000000000000000000000000000000000000,0.00000000000000000000000000000000000000000000000000000000000000000000000000000000,0.00000000000000000000000000000000000000000000000000000000000000000000000000000000,0.00000000000000000000000000000000000000000000000000000000000000000000000000000000,0.00000000000000000000000000000000000000000000000000000000000000000000000000000000,0.00000000000000000000000000000000000000000000000000000000000000000000000000000000,0.08301907695649323853265848866933926739866911622448766124266363488638844923596058,0.20435097728267302350743851780097559068746476527214634626291169412701014430733575,0.08676005867869147343013791560235932300504831104734701408829385857527172099914529,-0.00622195387399432440825515006326814923682567825720496227748951652222243605151523,0.00071647159905123390771098208776824025919372971393951108119577198642755458746782,0.00011762418545081906973542093589186632045353838666407427294022182724735151649241,-0.00085720007758881365343966118826130695879747408263986301713348608725408030993204,0.00497756309919545952660412005061451938946054260576396982199161321777794884330940,-0.08250146305574981783120433574677095672410876408825153487619107605822338198137061,-0.29988239399759505629995200343071882358945108945765560909635796909904938499457971,0.20305499497610925919011338396185658373237326974375023832374432156205969109861679,-0.00011762418545081906973542093589186632045353838666407427294022182724735151649241,0.00085720007758881365343966118826130695879747408263986301713348608725408030993204,-0.00497756309919545952660412005061451938946054260576396982199161321777794884330940,0.08250146305574981783120433574677095672410876408825153487619107605822338198137061,0.29988239399759505629995200343071882358945108945765560909635796909904938499457971,-0.20305499497610925919011338396185658373237326974375023832374432156205969109861679,0.00000000000000000000000000000000000000000000000000000000000000000000000000000000,0.00000000000000000000000000000000000000000000000000000000000000000000000000000000,0.00000000000000000000000000000000000000000000000000000000000000000000000000000000,0.00000000000000000000000000000000000000000000000000000000000000000000000000000000,0.00000000000000000000000000000000000000000000000000000000000000000000000000000000,0.00000000000000000000000000000000000000000000000000000000000000000000000000000000,0.00000000000000000000000000000000000000000000000000000000000000000000000000000000,0.00000000000000000000000000000000000000000000000000000000000000000000000000000000,0.00000000000000000000000000000000000000000000000000000000000000000000000000000000,0.00000000000000000000000000000000000000000000000000000000000000000000000000000000,0.00000000000000000000000000000000000000000000000000000000000000000000000000000000,0.00000000000000000000000000000000000000000000000000000000000000000000000000000000,0.00000000000000000000000000000000000000000000000000000000000000000000000000000000,0.00000000000000000000000000000000000000000000000000000000000000000000000000000000,0.00000000000000000000000000000000000000000000000000000000000000000000000000000000,0.00000000000000000000000000000000000000000000000000000000000000000000000000000000,0.05155734933233798519588162142527622368547857156488561351949288234431601906519911
0.20414990928342884892774463430102340502714950524133375162887020426492590997543278,0.01053945895524610214536610622943787007928930981311068473585175169942263696133063,0.00000000000000000000000000000000000000000000000000000000000000000000000000000000,0.00000000000000000000000000000000000000000000000000000000000000000000000000000000,0.00000000000000000000000000000000000000000000000000000000000000000000000000000000,0.00000000000000000000000000000000000000000000000000000000000000000000000000000000,0.00000000000000000000000000000000000000000000000000000000000000000000000000000000,0.00000000000000000000000000000000000000000000000000000000000000000000000000000000,0.00000000000000000000000000000000000000000000000000000000000000000000000000000000,0.00000000000000000000000000000000000000000000000000000000000000000000000000000000,0.00000000000000000000000000000000000000000000000000000000000000000000000000000000,0.00000000000000000000000000000000000000000000000000000000000000000000000000000000,0.12701480465573858246656140645451093489111605691934320602603702043561564499555740,0.07256508925755374678890906098611080906758544196304615006183343672998270818889151,-0.00730843439656736733259274803678067801275429214423530690674590875387922909589619,0.00155468861456963864975007335441295115666469683812679807395350769308312627696605,-0.00021569780311185379024926468666848215475170814805778036205960353929897735141723,-0.00001588669742853930607947592214244414234483489414840435269687444077903501529125,0.00010784890155592689512463234333424107737585407402889018102980176964948867553789,-0.00051978074516310220740641496522028262156481525568327271541566283704998799727523,0.00287815957591068520480662500251824948084480407237143238959432196722836126452654,-0.05963025713706307086947752673461595155742117854486598794586701868714782539168804,-0.34944996054465909483849116270796711433342814053146959433139865986982083493761480,0.00001588669742853930607947592214244414234483489414840435269687444077903501529125,-0.00010784890155592689512463234333424107737585407402889018102980176964948867553789,0.00051978074516310220740641496522028262156481525568327271541566283704998799727523,-0.00287815957591068520480662500251824948084480407237143238959432196722836126452654,0.05963025713706307086947752673461595155742117854486598794586701868714782539168804,0.34944996054465909483849116270796711433342814053146959433139865986982083493761480,0.00000000000000000000000000000000000000000000000000000000000000000000000000000000,0.00000000000000000000000000000000000000000000000000000000000000000000000000000000,0.00000000000000000000000000000000000000000000000000000000000000000000000000000000,0.00000000000000000000000000000000000000000000000000000000000000000000000000000000,0.00000000000000000000000000000000000000000000000000000000000000000000000000000000,0.00000000000000000000000000000000000000000000000000000000000000000000000000000000,0.00000000000000000000000000000000000000000000000000000000000000000000000000000000,0.00000000000000000000000000000000000000000000000000000000000000000000000000000000,0.00000000000000000000000000000000000000000000000000000000000000000000000000000000,0.00000000000000000000000000000000000000000000000000000000000000000000000000000000,0.00000000000000000000000000000000000000000000000000000000000000000000000000000000,0.00000000000000000000000000000000000000000000000000000000000000000000000000000000,0.00000000000000000000000000000000000000000000000000000000000000000000000000000000,0.00000000000000000000000000000000000000000000000000000000000000000000000000000000,0.00000000000000000000000000000000000000000000000000000000000000000000000000000000,0.00000000000000000000000000000000000000000000000000000000000000000000000000000000,0.05685378208058406079404011285129136196251849593426360157916701231475848053937576
0.93587007425480330766872288061033171905189033483849167745970764278694949704651682,-0.27034618241925402492090689961010744995047081910949633563958738782392208539027444,0.00000000000000000000000000000000000000000000000000000000000000000000000000000000,0.00000000000000000000000000000000000000000000000000000000000000000000000000000000,0.00000000000000000000000000000000000000000000000000000000000000000000000000000000,0.00000000000000000000000000000000000000000000000000000000000000000000000000000000,0.00000000000000000000000000000000000000000000000000000000000000000000000000000000,0.00000000000000000000000000000000000000000000000000000000000000000000000000000000,0.00000000000000000000000000000000000000000000000000000000000000000000000000000000,0.00000000000000000000000000000000000000000000000000000000000000000000000000000000,0.00000000000000000000000000000000000000000000000000000000000000000000000000000000,0.00000000000000000000000000000000000000000000000000000000000000000000000000000000,0.76171240800847448497288061539929315290095678641447446188776638518395149217264475,-0.54333216354481008293363313833871429533311407497414958299398649462039792902722855,0.80941387568981552196949820267751909602391700480749529418295299069454973353930672,-0.19874261568619044826434969029175509618082884361126036602969149835577829717835936,0.37716475220676785684523379077409631159143028131142820605225364770854658293042986,-0.04121863916805054972476341336819864339973333490391585281250618465918124220046057,-0.24904304962772748595375290617339823598136969753250920194202280509479416864202462,-0.18347346881190067616291025551945327351371291314382997041496685784078806222676951,-0.71815468357240336647756451909996208868329980239010618709749034756702422426834475,4.93625544196958303972975947917240001309550884696173345293711046678456412055522317,0.00000000000000000000000000000000000000000000000000000000000000000000000000000000,0.00000000000000000000000000000000000000000000000000000000000000000000000000000000,0.00000000000000000000000000000000000000000000000000000000000000000000000000000000,0.00000000000000000000000000000000000000000000000000000000000000000000000000000000,0.00000000000000000000000000000000000000000000000000000000000000000000000000000000,0.00000000000000000000000000000000000000000000000000000000000000000000000000000000,0.00000000000000000000000000000000000000000000000000000000000000000000000000000000,0.04121863916805054972476341336819864339973333490391585281250618465918124220046057,0.24904304962772748595375290617339823598136969753250920194202280509479416864202462,0.18347346881190067616291025551945327351371291314382997041496685784078806222676951,0.71815468357240336647756451909996208868329980239010618709749034756702422426834475,-4.93625544196958303972975947917240001309550884696173345293711046678456412055522317,0.00000000000000000000000000000000000000000000000000000000000000000000000000000000,0.00000000000000000000000000000000000000000000000000000000000000000000000000000000,0.00000000000000000000000000000000000000000000000000000000000000000000000000000000,0.00000000000000000000000000000000000000000000000000000000000000000000000000000000,0.00000000000000000000000000000000000000000000000000000000000000000000000000000000,0.00000000000000000000000000000000000000000000000000000000000000000000000000000000,0.00000000000000000000000000000000000000000000000000000000000000000000000000000000,0.00000000000000000000000000000000000000000000000000000000000000000000000000000000,0.00000000000000000000000000000000000000000000000000000000000000000000000000000000,0.00000000000000000000000000000000000000000000000000000000000000000000000000000000,0.00000000000000000000000000000000000000000000000000000000000000000000000000000000,0.01505030193882185995592800469826830888966758329721769772023861297447394642547586
0.79585009071657115107225536569897659497285049475866624837112979573507409002456722,0.05013848813599130783024889950147359850342514840103072325123664667268172089359749,0.00000000000000000000000000000000000000000000000000000000000000000000000000000000,0.00000000000000000000000000000000000000000000000000000000000000000000000000000000,0.00000000000000000000000000000000000000000000000000000000000000000000000000000000,0.00000000000000000000000000000000000000000000000000000000000000000000000000000000,0.00000000000000000000000000000000000000000000000000000000000000000000000000000000,0.00000000000000000000000000000000000000000000000000000000000000000000000000000000,0.00000000000000000000000000000000000000000000000000000000000000000000000000000000,0.00000000000000000000000000000000000000000000000000000000000000000000000000000000,0.00000000000000000000000000000000000000000000000000000000000000000000000000000000,0.00000000000000000000000000000000000000000000000000000000000000000000000000000000,0.03083139274786269197407892236808680663317915860077707811742319401952926617612921,0.25479341437514914858270441256641119323622096047667847565483851488325081218533151,0.12851084218304593946601934328342904961078088334128294859014665882260617570061732,0.27194569613745899234972626124495999543182316539403103481161776264985828967976778,0.05963025713706307086947752673461595155742117854486598794586701868714782538912471,0.00221377362734790492531458598073029802768962132056601784978191786227597193146301,-0.06817085908267744854031482323181884699457302325345988579005631352507647764173664,-0.31768031468611722623870025758451431826587876195234730861260870770248314497983645,-0.11839046338788715217185844933079745595455693098949155872277392424916113522050725,-2.93918111730627051239205523943522053590094992194815081722015111473751759244436392,0.00000000000000000000000000000000000000000000000000000000000000000000000000000000,0.00000000000000000000000000000000000000000000000000000000000000000000000000000000,0.00000000000000000000000000000000000000000000000000000000000000000000000000000000,0.00000000000000000000000000000000000000000000000000000000000000000000000000000000,0.00000000000000000000000000000000000000000000000000000000000000000000000000000000,0.00000000000000000000000000000000000000000000000000000000000000000000000000000000,0.00000000000000000000000000000000000000000000000000000000000000000000000000000000,-0.00221377362734790492531458598073029802768962132056601784978191786227597193146301,0.06817085908267744854031482323181884699457302325345988579005631352507647764173664,0.31768031468611722623870025758451431826587876195234730861260870770248314497983645,0.11839046338788715217185844933079745595455693098949155872277392424916113522050725,2.93918111730627051239205523943522053590094992194815081722015111473751759244436392,0.00000000000000000000000000000000000000000000000000000000000000000000000000000000,0.00000000000000000000000000000000000000000000000000000000000000000000000000000000,0.00000000000000000000000000000000000000000000000000000000000000000000000000000000,0.00000000000000000000000000000000000000000000000000000000000000000000000000000000,0.00000000000000000000000000000000000000000000000000000000000000000000000000000000,0.00000000000000000000000000000000000000000000000000000000000000000000000000000000,0.00000000000000000000000000000000000000000000000000000000000000000000000000000000,0.00000000000000000000000000000000000000000000000000000000000000000000000000000000,0.00000000000000000000000000000000000000000000000000000000000000000000000000000000,0.00000000000000000000000000000000000000000000000000000000000000000000000000000000,0.00000000000000000000000000000000000000000000000000000000000000000000000000000000,0.02842689104029203039702005642564568098125924796713180078958350615737924026968788
0.60464960895123943438432863017267562764777270254334054944542334616106546182314422,0.00390560068593927594174821134872660378950478060544203732565530224292868873298288,0.00000000000000000000000000000000000000000000000000000000000000000000000000000000,0.00000000000000000000000000000000000000000000000000000000000000000000000000000000,0.00000000000000000000000000000000000000000000000000000000000000000000000000000000,0.00000000000000000000000000000000000000000000000000000000000000000000000000000000,0.00000000000000000000000000000000000000000000000000000000000000000000000000000000,0.00000000000000000000000000000000000000000000000000000000000000000000000000000000,0.00000000000000000000000000000000000000000000000000000000000000000000000000000000,0.00000000000000000000000000000000000000000000000000000000000000000000000000000000,0.00000000000000000000000000000000000000000000000000000000000000000000000000000000,0.00000000000000000000000000000000000000000000000000000000000000000000000000000000,0.13844772931372238536264358463039318372774109731331576169354954195777460611364180,0.12993406711488709075104029505147507724698739006272966747608127854776950559581638,0.25303457868959633274428202031463404074398372919548573271547827854103607635198305,0.08250146305574981783120433574677095672410876408825153487619107605822338197618135,-0.00317382990865546824658981691932423458455305872188418464153213118666679694746271,-0.00030222310346712742362312192088000631026780771639462614050926788020873519539701,0.00316802994511600808450004783636661193810844296477588197003908207691623120886169,-0.07775243913182346889873786517665191954203294723687884082250993951818245734809593,-0.36617072786024935427403526694892763344754958636075176069769684908965931990907671,0.85623083448120769629691723815653746543200346489786049248721625451241244692241871,0.00000000000000000000000000000000000000000000000000000000000000000000000000000000,0.00000000000000000000000000000000000000000000000000000000000000000000000000000000,0.00000000000000000000000000000000000000000000000000000000000000000000000000000000,0.00000000000000000000000000000000000000000000000000000000000000000000000000000000,0.00000000000000000000000000000000000000000000000000000000000000000000000000000000,0.00000000000000000000000000000000000000000000000000000000000000000000000000000000,0.00000000000000000000000000000000000000000000000000000000000000000000000000000000,0.00030222310346712742362312192088000631026780771639462614050926788020873519539701,-0.00316802994511600808450004783636661193810844296477588197003908207691623120886169,0.07775243913182346889873786517665191954203294723687884082250993951818245734809593,0.36617072786024935427403526694892763344754958636075176069769684908965931990907671,-0.85623083448120769629691723815653746543200346489786049248721625451241244692241871,0.00000000000000000000000000000000000000000000000000000000000000000000000000000000,0.00000000000000000000000000000000000000000000000000000000000000000000000000000000,0.00000000000000000000000000000000000000000000000000000000000000000000000000000000,0.00000000000000000000000000000000000000000000000000000000000000000000000000000000,0.00000000000000000000000000000000000000000000000000000000000000000000000000000000,0.00000000000000000000000000000000000000000000000000000000000000000000000000000000,0.00000000000000000000000000000000000000000000000000000000000000000000000000000000,0.00000000000000000000000000000000000000000000000000000000000000000000000000000000,0.00000000000000000000000000000000000000000000000000000000000000000000000000000000,0.00000000000000000000000000000000000000000000000000000000000000000000000000000000,0.00000000000000000000000000000000000000000000000000000000000000000000000000000000,0.04124587946587038815670529714022097894838285725190849081559430587545281525215918
0.39535039104876056561567136982732437235222729745665945055457665383893453817686010,0.02672576040584592064598061573015010023867705345594388015700121078605910509852664,0.00000000000000000000000000000000000000000000000000000000000000000000000000000000,0.00000000000000000000000000000000000000000000000000000000000000000000000000000000,0.00000000000000000000000000000000000000000000000000000000000000000000000000000000,0.00000000000000000000000000000000000000000000000000000000000000000000000000000000,0.00000000000000000000000000000000000000000000000000000000000000000000000000000000,0.00000000000000000000000000000000000000000000000000000000000000000000000000000000,0.00000000000000000000000000000000000000000000000000000000000000000000000000000000,0.00000000000000000000000000000000000000000000000000000000000000000000000000000000,0.00000000000000000000000000000000000000000000000000000000000000000000000000000000,0.00000000000000000000000000000000000000000000000000000000000000000000000000000000,0.08301907695649323853265848866933926739866911622448766124266363488638844923582672,0.20435097728267302350743851780097559068746476527214634626291169412701014430744802,0.08676005867869147343013791560235932300504831104734701408829385857527172099909455,-0.00622195387399432440825515006326814923682567825720496227748951652222243605149985,0.00071647159905123390771098208776824025919372971393951108119577198642755458746536,0.00002937768246743723487553835480897810100038539648133829258289409180513542085750,-0.00025812727119090024089620697047384004021943031088528650729760497330386089210593,0.00209031524387091095774893477064482779151305618950010736132462357018118901623306,-0.06651402962317364108798824896146892725871252868631383540876007459315510539833999,-0.63111307853827047353302100177765085183549208527357121029478462997588323267713835,0.00000000000000000000000000000000000000000000000000000000000000000000000000000000,0.00000000000000000000000000000000000000000000000000000000000000000000000000000000,0.00000000000000000000000000000000000000000000000000000000000000000000000000000000,0.00000000000000000000000000000000000000000000000000000000000000000000000000000000,0.00000000000000000000000000000000000000000000000000000000000000000000000000000000,0.00000000000000000000000000000000000000000000000000000000000000000000000000000000,0.00000000000000000000000000000000000000000000000000000000000000000000000000000000,-0.00002937768246743723487553835480897810100038539648133829258289409180513542085750,0.00025812727119090024089620697047384004021943031088528650729760497330386089210593,-0.00209031524387091095774893477064482779151305618950010736132462357018118901623306,0.06651402962317364108798824896146892725871252868631383540876007459315510539833999,0.63111307853827047353302100177765085183549208527357121029478462997588323267713835,0.00000000000000000000000000000000000000000000000000000000000000000000000000000000,0.00000000000000000000000000000000000000000000000000000000000000000000000000000000,0.00000000000000000000000000000000000000000000000000000000000000000000000000000000,0.00000000000000000000000000000000000000000000000000000000000000000000000000000000,0.00000000000000000000000000000000000000000000000000000000000000000000000000000000,0.00000000000000000000000000000000000000000000000000000000000000000000000000000000,0.00000000000000000000000000000000000000000000000000000000000000000000000000000000,0.00000000000000000000000000000000000000000000000000000000000000000000000000000000,0.00000000000000000000000000000000000000000000000000000000000000000000000000000000,0.00000000000000000000000000000000000000000000000000000000000000000000000000000000,0.00000000000000000000000000000000000000000000000000000000000000000000000000000000,0.05155734933233798519588162142527622368547857156488561351949288234431601906519911
0.93587007425480330766872288061033171905189033483849167745970764278694949704651682,-0.27034618241925402492090689961010744995047081910949633563958738782392208539290847,0.00000000000000000000000000000000000000000000000000000000000000000000000000000000,0.00000000000000000000000000000000000000000000000000000000000000000000000000000000,0.00000000000000000000000000000000000000000000000000000000000000000000000000000000,0.00000000000000000000000000000000000000000000000000000000000000000000000000000000,0.00000000000000000000000000000000000000000000000000000000000000000000000000000000,0.00000000000000000000000000000000000000000000000000000000000000000000000000000000,0.00000000000000000000000000000000000000000000000000000000000000000000000000000000,0.00000000000000000000000000000000000000000000000000000000000000000000000000000000,0.00000000000000000000000000000000000000000000000000000000000000000000000000000000,0.00000000000000000000000000000000000000000000000000000000000000000000000000000000,0.76171240800847448497288061539929315290095678641447446188776638518395149217796463,-0.54333216354481008293363313833871429533311407497414958299398649462039792903175390,0.80941387568981552196949820267751909602391700480749529418295299069454973354188894,-0.19874261568619044826434969029175509618082884361126036602969149835577829717925969,0.37716475220676785684523379077409631159143028131142820605225364770854658293058532,-0.03950362167098919366516274358520045191971818030944517573203616618104322905160371,-0.26411206628864975110317264175224256996593439703355260689041376593516511434700580,-0.06144453676165174106407361383371865630159912726325302626804345894083673672189178,-4.60112689318221387305085298691457638851250512258096011304265806472792172654049309,0.00000000000000000000000000000000000000000000000000000000000000000000000000000000,0.00000000000000000000000000000000000000000000000000000000000000000000000000000000,0.00000000000000000000000000000000000000000000000000000000000000000000000000000000,0.00000000000000000000000000000000000000000000000000000000000000000000000000000000,0.00000000000000000000000000000000000000000000000000000000000000000000000000000000,0.00000000000000000000000000000000000000000000000000000000000000000000000000000000,0.00000000000000000000000000000000000000000000000000000000000000000000000000000000,0.00000000000000000000000000000000000000000000000000000000000000000000000000000000,0.00000000000000000000000000000000000000000000000000000000000000000000000000000000,0.00000000000000000000000000000000000000000000000000000000000000000000000000000000,0.00000000000000000000000000000000000000000000000000000000000000000000000000000000,0.00000000000000000000000000000000000000000000000000000000000000000000000000000000,0.00000000000000000000000000000000000000000000000000000000000000000000000000000000,0.03950362167098919366516274358520045191971818030944517573203616618104322905160371,0.26411206628864975110317264175224256996593439703355260689041376593516511434700580,0.06144453676165174106407361383371865630159912726325302626804345894083673672189178,4.60112689318221387305085298691457638851250512258096011304265806472792172654049309,0.00000000000000000000000000000000000000000000000000000000000000000000000000000000,0.00000000000000000000000000000000000000000000000000000000000000000000000000000000,0.00000000000000000000000000000000000000000000000000000000000000000000000000000000,0.00000000000000000000000000000000000000000000000000000000000000000000000000000000,0.00000000000000000000000000000000000000000000000000000000000000000000000000000000,0.00000000000000000000000000000000000000000000000000000000000000000000000000000000,0.00000000000000000000000000000000000000000000000000000000000000000000000000000000,0.01505030193882185995592800469826830888966758329721769772023861297447394642547586
0.79585009071657115107225536569897659497285049475866624837112979573507409002456722,0.05013848813599130783024889950147359850342514840103072325123664667268172089326176,0.00000000000000000000000000000000000000000000000000000000000000000000000000000000,0.00000000000000000000000000000000000000000000000000000000000000000000000000000000,0.00000000000000000000000000000000000000000000000000000000000000000000000000000000,0.00000000000000000000000000000000000000000000000000000000000000000000000000000000,0.00000000000000000000000000000000000000000000000000000000000000000000000000000000,0.00000000000000000000000000000000000000000000000000000000000000000000000000000000,0.00000000000000000000000000000000000000000000000000000000000000000000000000000000,0.00000000000000000000000000000000000000000000000000000000000000000000000000000000,0.00000000000000000000000000000000000000000000000000000000000000000000000000000000,0.00000000000000000000000000000000000000000000000000000000000000000000000000000000,0.03083139274786269197407892236808680663317915860077707811742319401952926617683603,0.25479341437514914858270441256641119323622096047667847565483851488325081218470538,0.12851084218304593946601934328342904961078088334128294859014665882260617570098436,0.27194569613745899234972626124495999543182316539403103481161776264985828967962960,0.05963025713706307086947752673461595155742117854486598794586701868714782538915062,0.00154691550009978452616896406341432335559878411905094531493218575704745635260991,-0.06231150415061879367263996010769042398513272243064460660064651263804559749577309,-0.36512938458572645110634586938596509951516083302910355154503776076198600836582723,1.39144344809917261529931597818305008307435121490427859653129128430634891175793366,0.00000000000000000000000000000000000000000000000000000000000000000000000000000000,0.00000000000000000000000000000000000000000000000000000000000000000000000000000000,0.00000000000000000000000000000000000000000000000000000000000000000000000000000000,0.00000000000000000000000000000000000000000000000000000000000000000000000000000000,0.00000000000000000000000000000000000000000000000000000000000000000000000000000000,0.00000000000000000000000000000000000000000000000000000000000000000000000000000000,0.00000000000000000000000000000000000000000000000000000000000000000000000000000000,0.00000000000000000000000000000000000000000000000000000000000000000000000000000000,0.00000000000000000000000000000000000000000000000000000000000000000000000000000000,0.00000000000000000000000000000000000000000000000000000000000000000000000000000000,0.00000000000000000000000000000000000000000000000000000000000000000000000000000000,0.00000000000000000000000000000000000000000000000000000000000000000000000000000000,0.00000000000000000000000000000000000000000000000000000000000000000000000000000000,-0.00154691550009978452616896406341432335559878411905094531493218575704745635260991,0.06231150415061879367263996010769042398513272243064460660064651263804559749577309,0.36512938458572645110634586938596509951516083302910355154503776076198600836582723,-1.39144344809917261529931597818305008307435121490427859653129128430634891175793366,0.00000000000000000000000000000000000000000000000000000000000000000000000000000000,0.00000000000000000000000000000000000000000000000000000000000000000000000000000000,0.00000000000000000000000000000000000000000000000000000000000000000000000000000000,0.00000000000000000000000000000000000000000000000000000000000000000000000000000000,0.00000000000000000000000000000000000000000000000000000000000000000000000000000000,0.00000000000000000000000000000000000000000000000000000000000000000000000000000000,0.00000000000000000000000000000000000000000000000000000000000000000000000000000000,0.02842689104029203039702005642564568098125924796713180078958350615737924026968788
0.60464960895123943438432863017267562764777270254334054944542334616106546182314422,0.00390560068593927594174821134872660378950478060544203732565530224292868873243017,0.00000000000000000000000000000000000000000000000000000000000000000000000000000000,0.00000000000000000000000000000000000000000000000000000000000000000000000000000000,0.00000000000000000000000000000000000000000000000000000000000000000000000000000000,0.00000000000000000000000000000000000000000000000000000000000000000000000000000000,0.00000000000000000000000000000000000000000000000000000000000000000000000000000000,0.00000000000000000000000000000000000000000000000000000000000000000000000000000000,0.00000000000000000000000000000000000000000000000000000000000000000000000000000000,0.00000000000000000000000000000000000000000000000000000000000000000000000000000000,0.00000000000000000000000000000000000000000000000000000000000000000000000000000000,0.00000000000000000000000000000000000000000000000000000000000000000000000000000000,0.13844772931372238536264358463039318372774109731331576169354954195777460611467167,0.12993406711488709075104029505147507724698739006272966747608127854776950559508015,0.25303457868959633274428202031463404074398372919548573271547827854103607635231122,0.08250146305574981783120433574677095672410876408825153487619107605822338197608420,-0.00317382990865546824658981691932423458455305872188418464153213118666679694744729,-0.00011024278305577986763387608258407268108281015464974627908419559295627402430767,0.00148119313336055724598106493227755984657682998636888971751040321608192267453974,-0.06409243069773853938087057718661313867702071422478559884825212501013891122838982,-0.80083349382419358685802705257604214500741364566464013665015133924999988240257785,0.00000000000000000000000000000000000000000000000000000000000000000000000000000000,0.00000000000000000000000000000000000000000000000000000000000000000000000000000000,0.00000000000000000000000000000000000000000000000000000000000000000000000000000000,0.00000000000000000000000000000000000000000000000000000000000000000000000000000000,0.00000000000000000000000000000000000000000000000000000000000000000000000000000000,0.00000000000000000000000000000000000000000000000000000000000000000000000000000000,0.00000000000000000000000000000000000000000000000000000000000000000000000000000000,0.00000000000000000000000000000000000000000000000000000000000000000000000000000000,0.00000000000000000000000000000000000000000000000000000000000000000000000000000000,0.00000000000000000000000000000000000000000000000000000000000000000000000000000000,0.00000000000000000000000000000000000000000000000000000000000000000000000000000000,0.00000000000000000000000000000000000000000000000000000000000000000000000000000000,0.00000000000000000000000000000000000000000000000000000000000000000000000000000000,0.00011024278305577986763387608258407268108281015464974627908419559295627402430767,-0.00148119313336055724598106493227755984657682998636888971751040321608192267453974,0.06409243069773853938087057718661313867702071422478559884825212501013891122838982,0.80083349382419358685802705257604214500741364566464013665015133924999988240257785,0.00000000000000000000000000000000000000000000000000000000000000000000000000000000,0.00000000000000000000000000000000000000000000000000000000000000000000000000000000,0.00000000000000000000000000000000000000000000000000000000000000000000000000000000,0.00000000000000000000000000000000000000000000000000000000000000000000000000000000,0.00000000000000000000000000000000000000000000000000000000000000000000000000000000,0.00000000000000000000000000000000000000000000000000000000000000000000000000000000,0.00000000000000000000000000000000000000000000000000000000000000000000000000000000,0.04124587946587038815670529714022097894838285725190849081559430587545281525215918
0.93587007425480330766872288061033171905189033483849167745970764278694949704651682,-0.27034618241925402492090689961010744995047081910949633563958738782392208539122442,0.00000000000000000000000000000000000000000000000000000000000000000000000000000000,0.00000000000000000000000000000000000000000000000000000000000000000000000000000000,0.00000000000000000000000000000000000000000000000000000000000000000000000000000000,0.00000000000000000000000000000000000000000000000000000000000000000000000000000000,0.00000000000000000000000000000000000000000000000000000000000000000000000000000000,0.00000000000000000000000000000000000000000000000000000000000000000000000000000000,0.00000000000000000000000000000000000000000000000000000000000000000000000000000000,0.00000000000000000000000000000000000000000000000000000000000000000000000000000000,0.00000000000000000000000000000000000000000000000000000000000000000000000000000000,0.00000000000000000000000000000000000000000000000000000000000000000000000000000000,0.76171240800847448497288061539929315290095678641447446188776638518395149217468288,-0.54333216354481008293363313833871429533311407497414958299398649462039792902903351,0.80941387568981552196949820267751909602391700480749529418295299069454973354028261,-0.19874261568619044826434969029175509618082884361126036602969149835577829717867027,0.37716475220676785684523379077409631159143028131142820605225364770854658293048168,-0.03696027289925785268417161012461581613246290698469060784925760141644620565547882,-0.29828383365525707768078057405035256027366897820109938717611462642126059284846708,1.41719560977647634757671028541221419180882391467885401977377839827267402418570949,0.00000000000000000000000000000000000000000000000000000000000000000000000000000000,0.00000000000000000000000000000000000000000000000000000000000000000000000000000000,0.00000000000000000000000000000000000000000000000000000000000000000000000000000000,0.00000000000000000000000000000000000000000000000000000000000000000000000000000000,0.00000000000000000000000000000000000000000000000000000000000000000000000000000000,0.00000000000000000000000000000000000000000000000000000000000000000000000000000000,0.00000000000000000000000000000000000000000000000000000000000000000000000000000000,0.00000000000000000000000000000000000000000000000000000000000000000000000000000000,0.00000000000000000000000000000000000000000000000000000000000000000000000000000000,0.00000000000000000000000000000000000000000000000000000000000000000000000000000000,0.00000000000000000000000000000000000000000000000000000000000000000000000000000000,0.00000000000000000000000000000000000000000000000000000000000000000000000000000000,0.00000000000000000000000000000000000000000000000000000000000000000000000000000000,0.00000000000000000000000000000000000000000000000000000000000000000000000000000000,0.00000000000000000000000000000000000000000000000000000000000000000000000000000000,0.00000000000000000000000000000000000000000000000000000000000000000000000000000000,0.00000000000000000000000000000000000000000000000000000000000000000000000000000000,0.00000000000000000000000000000000000000000000000000000000000000000000000000000000,0.03696027289925785268417161012461581613246290698469060784925760141644620565547882,0.29828383365525707768078057405035256027366897820109938717611462642126059284846708,-1.41719560977647634757671028541221419180882391467885401977377839827267402418570949,0.00000000000000000000000000000000000000000000000000000000000000000000000000000000,0.00000000000000000000000000000000000000000000000000000000000000000000000000000000,0.00000000000000000000000000000000000000000000000000000000000000000000000000000000,0.00000000000000000000000000000000000000000000000000000000000000000000000000000000,0.01505030193882185995592800469826830888966758329721769772023861297447394642547586
0.79585009071657115107225536569897659497285049475866624837112979573507409002456722,0.05013848813599130783024889950147359850342514840103072325123664667268172089116371,0.00000000000000000000000000000000000000000000000000000000000000000000000000000000,0.00000000000000000000000000000000000000000000000000000000000000000000000000000000,0.00000000000000000000000000000000000000000000000000000000000000000000000000000000,0.00000000000000000000000000000000000000000000000000000000000000000000000000000000,0.00000000000000000000000000000000000000000000000000000000000000000000000000000000,0.00000000000000000000000000000000000000000000000000000000000000000000000000000000,0.00000000000000000000000000000000000000000000000000000000000000000000000000000000,0.00000000000000000000000000000000000000000000000000000000000000000000000000000000,0.00000000000000000000000000000000000000000000000000000000000000000000000000000000,0.00000000000000000000000000000000000000000000000000000000000000000000000000000000,0.03083139274786269197407892236808680663317915860077707811742319401952926618100244,0.25479341437514914858270441256641119323622096047667847565483851488325081218135455,0.12851084218304593946601934328342904961078088334128294859014665882260617570277205,0.27194569613745899234972626124495999543182316539403103481161776264985828967902939,0.05963025713706307086947752673461595155742117854486598794586701868714782538925426,0.00081415593891069676344260122429174270208892172582241123653011733882836248045644,-0.05246633877695066106883564110561474585929014981625675020712991907621259865411468,-0.79113769181300520321992912534669637043860489237729987915048661114882295564229423,0.00000000000000000000000000000000000000000000000000000000000000000000000000000000,0.00000000000000000000000000000000000000000000000000000000000000000000000000000000,0.00000000000000000000000000000000000000000000000000000000000000000000000000000000,0.00000000000000000000000000000000000000000000000000000000000000000000000000000000,0.00000000000000000000000000000000000000000000000000000000000000000000000000000000,0.00000000000000000000000000000000000000000000000000000000000000000000000000000000,0.00000000000000000000000000000000000000000000000000000000000000000000000000000000,0.00000000000000000000000000000000000000000000000000000000000000000000000000000000,0.00000000000000000000000000000000000000000000000000000000000000000000000000000000,0.00000000000000000000000000000000000000000000000000000000000000000000000000000000,0.00000000000000000000000000000000000000000000000000000000000000000000000000000000,0.00000000000000000000000000000000000000000000000000000000000000000000000000000000,0.00000000000000000000000000000000000000000000000000000000000000000000000000000000,0.00000000000000000000000000000000000000000000000000000000000000000000000000000000,0.00000000000000000000000000000000000000000000000000000000000000000000000000000000,0.00000000000000000000000000000000000000000000000000000000000000000000000000000000,0.00000000000000000000000000000000000000000000000000000000000000000000000000000000,0.00000000000000000000000000000000000000000000000000000000000000000000000000000000,-0.00081415593891069676344260122429174270208892172582241123653011733882836248045644,0.05246633877695066106883564110561474585929014981625675020712991907621259865411468,0.79113769181300520321992912534669637043860489237729987915048661114882295564229423,0.00000000000000000000000000000000000000000000000000000000000000000000000000000000,0.00000000000000000000000000000000000000000000000000000000000000000000000000000000,0.00000000000000000000000000000000000000000000000000000000000000000000000000000000,0.00000000000000000000000000000000000000000000000000000000000000000000000000000000,0.02842689104029203039702005642564568098125924796713180078958350615737924026968788
0.93587007425480330766872288061033171905189033483849167745970764278694949704651682,-0.27034618241925402492090689961010744995047081910949633563958738782392208539122442,0.00000000000000000000000000000000000000000000000000000000000000000000000000000000,0.00000000000000000000000000000000000000000000000000000000000000000000000000000000,0.00000000000000000000000000000000000000000000000000000000000000000000000000000000,0.00000000000000000000000000000000000000000000000000000000000000000000000000000000,0.00000000000000000000000000000000000000000000000000000000000000000000000000000000,0.00000000000000000000000000000000000000000000000000000000000000000000000000000000,0.00000000000000000000000000000000000000000000000000000000000000000000000000000000,0.00000000000000000000000000000000000000000000000000000000000000000000000000000000,0.00000000000000000000000000000000000000000000000000000000000000000000000000000000,0.00000000000000000000000000000000000000000000000000000000000000000000000000000000,0.76171240800847448497288061539929315290095678641447446188776638518395149217468288,-0.54333216354481008293363313833871429533311407497414958299398649462039792902903351,0.80941387568981552196949820267751909602391700480749529418295299069454973354028261,-0.19874261568619044826434969029175509618082884361126036602969149835577829717867027,0.37716475220676785684523379077409631159143028131142820605225364770854658293048168,-0.03206496287259834616563855969483414047405483258075416127014617860652525147675509,-0.61375041935695915467494632987416042074531483219963773515161395555934385074877160,0.00000000000000000000000000000000000000000000000000000000000000000000000000000000,0.00000000000000000000000000000000000000000000000000000000000000000000000000000000,0.00000000000000000000000000000000000000000000000000000000000000000000000000000000,0.00000000000000000000000000000000000000000000000000000000000000000000000000000000,0.00000000000000000000000000000000000000000000000000000000000000000000000000000000,0.00000000000000000000000000000000000000000000000000000000000000000000000000000000,0.00000000000000000000000000000000000000000000000000000000000000000000000000000000,0.00000000000000000000000000000000000000000000000000000000000000000000000000000000,0.00000000000000000000000000000000000000000000000000000000000000000000000000000000,0.00000000000000000000000000000000000000000000000000000000000000000000000000000000,0.00000000000000000000000000000000000000000000000000000000000000000000000000000000,0.00000000000000000000000000000000000000000000000000000000000000000000000000000000,0.00000000000000000000000000000000000000000000000000000000000000000000000000000000,0.00000000000000000000000000000000000000000000000000000000000000000000000000000000,0.00000000000000000000000000000000000000000000000000000000000000000000000000000000,0.00000000000000000000000000000000000000000000000000000000000000000000000000000000,0.00000000000000000000000000000000000000000000000000000000000000000000000000000000,0.00000000000000000000000000000000000000000000000000000000000000000000000000000000,0.00000000000000000000000000000000000000000000000000000000000000000000000000000000,0.00000000000000000000000000000000000000000000000000000000000000000000000000000000,0.00000000000000000000000000000000000000000000000000000000000000000000000000000000,0.00000000000000000000000000000000000000000000000000000000000000000000000000000000,0.03206496287259834616563855969483414047405483258075416127014617860652525147675509,0.61375041935695915467494632987416042074531483219963773515161395555934385074877160,0.00000000000000000000000000000000000000000000000000000000000000000000000000000000,0.00000000000000000000000000000000000000000000000000000000000000000000000000000000,0.01505030193882185995592800469826830888966758329721769772023861297447394642547586
1.00000000000000000000000000000000000000000000000000000000000000000000000000000000,0.03571428571428571428571428571428571428571428571428571428571428571428571428940401,0.00000000000000000000000000000000000000000000000000000000000000000000000000000000,0.00000000000000000000000000000000000000000000000000000000000000000000000000000000,0.00000000000000000000000000000000000000000000000000000000000000000000000000000000,0.00000000000000000000000000000000000000000000000000000000000000000000000000000000,0.00000000000000000000000000000000000000000000000000000000000000000000000000000000,0.00000000000000000000000000000000000000000000000000000000000000000000000000000000,0.00000000000000000000000000000000000000000000000000000000000000000000000000000000,0.00000000000000000000000000000000000000000000000000000000000000000000000000000000,0.00000000000000000000000000000000000000000000000000000000000000000000000000000000,0.00000000000000000000000000000000000000000000000000000000000000000000000000000000,0.00000000000000000000000000000000000000000000000000000000000000000000000000590037,-0.00000000000000000000000000000000000000000000000000000000000000000000000001103305,0.00000000000000000000000000000000000000000000000000000000000000000000000008729226,-0.00000000000000000000000000000000000000000000000000000000000000000000000005532455,0.00000000000000000000000000000000000000000000000000000000000000000000000000163167,-0.02341318837005165486657868055568544915660161144175446455631021307310000000220753,0.28106298368640632831343587021987185278535640298601094361659975147333269354827854,-0.85435658717312445638740316613216338839016158509984407121256464477358586539237903,1.98691586952333430777933332890899722305767432348613588950969728503059446818184556,-2.10471733225200004157414567437286115897643903510040003272368486838077608443841144,0.85946146754492947049580732893480358753475523432271931043614047302659977507364535,0.02168506789268138768280587913342726170856448858747843457148381101240182748095130,0.01677782687528701736943014045658189537899057773744396154303246686435519517215238,0.06173033957066211814108673124844271333572169389300615419636962929150926917948511,0.01127629545938504590692079020249318247104276171993477621539972364183299325945847,0.15963150998668155213947939982036198824894679506921597219264066802748365621069837,-0.79748316798984706794456429652604678506761700296841921879516416689740868589914266,0.02222089297263127835046664214491697970015195726070288976035337089263447985382780,0.01314030897336611971128461766347810004651397651194824538116440298961775103572963,0.07926145707234670734544653843500672344066738618174223332739218311003087955840399,-0.08579800785682547518051703800969592123864834795369717445295055225733252583456030,2.17083537671992692763222476255523421051918714322527700853642116320772112650836862,0.02296337398779403960767644042695890190459544177717216205146639132268039797593689,0.00661649285657588342461552337334556533999045679586154688996779218511677907014302,0.13209133519495749350265266000260426979154413130074415683696503965252092223397567,-1.76684974813346685492544757091781356690935009927735091407223631095056811074117414,0.02419510245989598803595599204528925193542635543319304482080415120426835296539023,-0.00993268800108611514717213017827903283898576598553455457258037914512809426043974,0.84818784100143499538498069766433855392533830826841385780787070600952612204296583,0.02702489288182419934047425339069752529869043439665186993152225471818636749836820,-0.19229178636165330710491183242998524872844957563424148138855892333317213959594629,0.05404978576364839868094850678139505059738086879330373986304450943637273499675906,0.00000000000000000000000000000000000000000000000000000000000000000000000000000000,0.01785714285714285714285714285714285714285714285714285714285714285714285714285710
